county	state_abbrev	crime_rate_per_100000	MURDER	ROBBERY	BURGLRY
St. Louis city	MO	1791.995377	119	1778	4995
Crittenden	AR	1754.914968	8	165	1482
Alexander	IL	1664.700485	1	5	82
Kenedy	TX	1456.31068	0	1	5
De Soto Parish	LA	1447.40243	3	17	149
Baltimore city	MD	1419.537569	216	3638	7804
Shelby	TN	1315.003752	135	3512	14011
Marlboro	SC	1253.437132	3	32	408
Storey	NV	1217.656012	0	2	23
District of Columbia	DC	1216.801325	88	4037	3519
Dillon	SC	1165.583272	8	48	595
Scott	MO	1163.145839	2	26	236
Philadelphia	PA	1150.29633	332	7984	12004
Pershing	NV	1148.756725	0	1	27
Greenwood	SC	1140.226324	7	73	965
Madison	TN	1138.42383	13	196	1300
Davidson	TN	1129.513728	65	1753	5875
Marion	IN	1083.508119	102	3486	15125
Wayne	MI	1065.188284	433	5879	19882
Jackson	MO	1026.623686	116	1913	9695
Northwest Arctic Borough	AK	1014.964216	0	12	46
Pemiscot	MO	998.7095326	0	21	192
Iberville Parish	LA	974.0162436	5	26	266
Pulaski	AR	959.9165823	61	1058	7065
Jefferson	AR	959.1343198	14	139	1400
Miller	AR	956.1771347	1	45	488
Muskogee	OK	954.4400666	3	41	878
Barnwell	SC	953.9310095	5	33	349
Tangipahoa Parish	LA	952.8593755	11	185	2683
Marion	SC	941.6313295	8	51	771
Dillingham Census Area	AK	938.1237525	0	1	12
Dougherty	GA	930.4176661	4	240	1600
Carter	OK	930.0694974	4	37	450
Genesee	MI	922.7783984	69	980	6105
Macon	AL	919.341731	6	25	516
Milwaukee	WI	912.6349471	103	3426	8744
Richland	SC	911.4452882	24	809	4965
Grundy	TN	911.2461105	3	1	157
Greene	AL	903.4766697	0	7	48
Rock	MN	892.8571429	0	0	9
San Joaquin	CA	887.1644385	89	1992	8019
Pottawattamie	IA	873.5225606	1	83	1166
Nolan	TX	871.1844118	0	10	143
Kodiak Island Borough	AK	856.0311284	0	10	23
Winnebago	IL	854.9331535	15	553	2939
Suffolk	MA	831.2342903	60	2257	3956
Saginaw	MI	828.830479	29	242	1751
Dallas	AL	828.6503477	9	70	743
Fulton	GA	826.1767583	123	3365	11091
Anchorage Municipality	AK	824.7217146	15	488	1159
Madison	FL	822.2981632	1	13	153
Phillips	AR	818.6675817	1	26	478
Sangamon	IL	817.9969369	40	318	2104
Haywood	TN	812.1158911	0	10	226
Lucas	OH	810.9662621	40	1192	7618
Robeson	NC	809.8427036	13	273	2937
Meade	KS	805.8945429	0	0	5
Escambia	FL	798.51676	22	502	3899
Jefferson	AL	798.3574913	85	1597	9910
Nicholas	WV	793.3756981	1	2	86
Franklin	FL	793.2402138	1	1	84
St. Clair	IL	782.1542957	28	349	2426
Orleans Parish	LA	782.1184796	193	1066	3431
Ector	TX	781.9089826	5	163	1090
Avoyelles Parish	LA	777.2585293	2	17	378
Rapides Parish	LA	773.792033	9	169	1747
Sumter	SC	767.644257	12	103	1611
Comanche	OK	766.7864604	13	174	1702
Mississippi	AR	763.9897241	8	47	891
Colleton	SC	762.1467132	2	26	419
Modoc	CA	754.3456871	1	3	58
Alameda	CA	753.6935735	153	6220	13245
Sumter	GA	752.455044	0	40	741
Darlington	SC	746.3016118	10	70	1178
Red River Parish	LA	742.0733078	0	2	23
Lubbock	TX	740.6920961	12	328	3400
Socorro	NM	739.3084622	0	2	139
Duval	TX	738.8316151	1	5	105
Bernalillo	NM	738.4818924	50	1184	7857
Marion	TX	732.7796776	1	5	115
Lee	SC	730.3646373	0	18	255
Shasta	CA	725.2206951	7	165	1754
Laurens	SC	724.7580365	6	49	734
North Slope Borough	AK	722.6925459	1	3	36
Hinds	MS	721.5219335	66	846	4627
Cibola	NM	720.6877629	1	7	232
Tulsa	OK	719.1412721	45	1122	7291
Putnam	FL	717.8582747	5	51	1029
Jefferson	TX	710.8948399	20	554	3147
Ohio	WV	706.6572141	0	46	322
San Francisco	CA	701.4217104	69	3554	5401
Bamberg	SC	699.9351912	0	21	231
Merced	CA	696.3544912	23	331	2686
Harris	TX	696.1038338	307	12449	43644
Jim Wells	TX	695.7773512	13	7	467
Oklahoma	OK	694.8738489	83	1137	10118
McKinley	NM	694.3307688	7	67	540
Mississippi	MO	693.1802269	2	6	128
Alpine	CA	690.2502157	0	0	18
Calhoun	GA	689.8666258	0	14	21
Dyer	TN	688.2474551	0	23	387
Clark	NV	685.153077	94	4422	17538
Guadalupe	NM	681.1689739	0	6	34
San Juan	NM	675.0828044	6	57	725
Fairfield	SC	675.0616643	4	15	211
McDonald	MO	673.8186009	1	4	110
Taylor	FL	673.754211	3	6	117
Wayne	GA	668.2847358	8	24	318
East Baton Rouge Parish	LA	667.0754469	84	1297	5806
Leon	FL	664.1948589	17	576	3378
Lander	NV	663.1299735	0	0	38
Orange	FL	662.6310837	76	1977	14034
Leflore	MS	661.2459265	2	46	601
Essex	NJ	659.9836619	121	2938	4849
Peach	GA	658.9175983	0	19	286
Burke	GA	658.7270427	2	11	215
Hamilton	TN	658.496643	26	560	3405
Miami-Dade	FL	656.0124348	210	6006	21105
Columbia	FL	654.3979391	3	46	812
Crockett	TN	651.0862861	1	2	81
Lenoir	NC	650.100146	1	76	796
Hempstead	AR	649.6395835	2	12	332
Hutchinson	TX	646.2257665	0	5	184
Richmond city	VA	644.9835135	44	640	2068
Jefferson Davis	MS	644.4593237	5	3	206
Conecuh	AL	644.0599053	1	8	108
Morehouse Parish	LA	639.3909155	0	34	315
Early	GA	635.553026	1	8	105
Henderson	TN	634.6263548	1	10	204
Richmond	NY	634.123325	24	1143	1053
New York	NY	634.0093435	81	3932	3623
Jefferson	IL	633.9923403	0	27	326
Bronx	NY	632.0428157	71	3420	3165
Queens	NY	630.3962024	114	5522	5088
Kings	NY	630.2492642	129	6235	5742
Warren	GA	629.7229219	0	1	30
Nash	NC	628.8580653	11	100	1125
Lauderdale	TN	626.0118726	2	16	420
Cocke	TN	625.7222582	3	24	483
Bowie	TX	622.5464503	7	88	1073
Hampton	SC	622.3049784	0	18	203
Hendry	FL	621.814203	0	37	595
Duval	FL	621.5464156	94	1436	8025
Durham	NC	621.2408853	21	633	3735
Greene	MO	620.7066615	17	362	2863
Jefferson	FL	619.9802734	0	6	103
Escambia	AL	618.6978385	3	18	299
Horry	SC	617.6419817	21	416	3158
Nueces	TX	616.5739392	18	392	2723
Sedgwick	KS	615.5337693	24	513	4575
Edgecombe	NC	615.3956886	3	61	735
Montgomery	KS	615.303861	1	17	303
Caddo Parish	LA	614.7822368	17	436	2642
Graham	AZ	613.6278747	1	0	119
Madera	CA	612.9051309	2	139	1654
Sebastian	AR	612.5237549	6	97	1261
Emanuel	GA	612.2359732	2	14	253
Camden	NJ	610.3101467	71	1182	3986
Nye	NV	609.9723385	0	26	334
Greenlee	AZ	607.8019671	1	1	37
Alachua	FL	605.2451953	10	253	1917
Union	AR	604.5117216	1	36	522
Peoria	IL	603.941007	14	347	1809
Madison	AL	603.3578174	18	523	3217
Calhoun	MI	602.1686961	11	112	1405
Williamsburg	SC	601.8084495	4	39	440
Roberts	TX	601.6847172	0	0	1
Bradley	TN	600.895452	1	54	681
Anderson	SC	600.0807801	18	157	2438
Denver	CO	599.0808243	39	1170	5152
Chester	SC	598.5634477	2	25	389
Lowndes	AL	597.9631879	1	8	117
Willacy	TX	597.6004744	0	4	226
Cook	IL	596.6569351	566	15583	34233
Clark	IN	593.2458517	3	73	954
DeKalb	GA	592.9851123	80	2140	10669
Potter	TX	592.6303417	5	154	1218
Arkansas	AR	591.1487458	0	24	339
Chicot	AR	591.0895457	0	8	83
Cochise	AZ	590.856781	4	52	713
Wyandotte	KS	590.457901	16	286	1834
Turner	GA	590.1155643	0	4	46
Lake	CA	588.7879737	3	60	766
Luna	NM	588.020601	0	6	243
Manatee	FL	585.7833537	26	388	2720
Hampden	MA	583.3274487	11	788	4570
Haralson	GA	582.5583436	1	4	310
New Castle	DE	581.7888096	46	1167	4310
Calhoun	AL	580.7976974	6	131	1710
Jackson	IL	580.1317417	1	53	488
St. James Parish	LA	579.2570798	1	9	128
Sullivan	TN	578.5625339	3	70	1077
Greenville	SC	577.3131534	20	451	4000
Concordia Parish	LA	577.2429312	2	5	142
Jefferson	KY	576.7462264	78	1557	8103
Kern	CA	575.8432818	65	1313	10931
Clayton	GA	575.2781773	28	693	4477
Plumas	CA	572.6708733	0	1	143
Emporia city	VA	572.6556908	0	5	71
Kershaw	SC	571.0538102	2	26	663
Mecosta	MI	570.6597383	0	0	181
Natchitoches Parish	LA	569.7787317	4	24	518
Eddy	NM	569.6670332	7	19	628
Union	SC	567.2493757	2	20	270
West Carroll Parish	LA	566.9428696	0	0	49
Vermilion	IL	565.1757149	4	88	955
Rio Arriba	NM	563.9848273	1	38	401
Cumberland	NC	562.7993899	30	728	6378
Hardeman	TN	562.6092907	4	11	225
Independence	AR	562.2077466	0	16	601
St. Mary Parish	LA	562.1649889	1	41	412
Chambers	AL	562.0279843	1	24	374
Tehama	CA	561.3968314	3	36	451
Brooks	GA	560.7115236	0	10	117
Champaign	IL	560.2815073	4	226	1571
Glynn	GA	559.4542867	6	125	957
Petersburg city	VA	559.3459955	5	59	395
Norfolk city	VA	558.2211677	34	502	2327
Henderson	IL	557.9399142	0	1	69
Sierra	CA	557.9258287	0	0	16
East Carroll Parish	LA	557.843007	3	3	57
Claiborne	TN	557.6679341	1	13	369
Mecklenburg	NC	556.9251355	54	1886	8340
Del Norte	CA	556.0937108	1	24	288
Prince George's	MD	555.679764	63	2450	6050
Lafayette Parish	LA	554.917802	17	267	2110
Butler	MO	554.7431702	1	35	446
Sumter	AL	553.8507597	1	4	99
Maury	TN	552.7632192	5	45	518
Mobile	AL	552.3100664	46	661	4458
St. Landry Parish	LA	551.2018597	7	69	823
Cumberland	NJ	551.0639921	7	316	2033
Tift	GA	551.0599216	5	45	369
Pinellas	FL	550.6712247	44	1206	7392
Roanoke city	VA	550.4493983	9	141	939
Clarendon	SC	550.1382623	1	31	352
Chaves	NM	549.9597405	8	48	756
Quitman	GA	549.2184199	0	0	18
Wicomico	MD	549.080241	5	148	764
Sacramento	CA	547.6937429	79	2560	11383
Andrews	TX	547.6516459	1	0	78
Stanislaus	CA	547.107372	38	788	5551
Spalding	GA	546.7734102	3	82	797
Victoria	TX	543.1643489	6	50	761
St. Francis	AR	542.9200293	4	45	465
Wirt	WV	542.2809693	0	0	42
Halifax	NC	540.6618899	7	55	732
Jeff Davis	GA	539.8560384	1	3	115
Cecil	MD	538.6947691	2	119	870
Brevard	FL	537.9223453	30	505	3945
Butler	AL	537.8731804	6	11	182
Montgomery	TN	536.6094754	12	104	1171
Beaufort	SC	536.5518686	12	146	1299
Forsyth	NC	535.9614639	8	469	5413
Fresno	CA	534.2980847	76	1410	10493
Kent	DE	534.1880342	4	161	1230
Howard	TX	533.9308933	3	12	303
Putnam	GA	533.4331571	0	13	173
Morgan	MO	532.938564	3	1	154
Anson	NC	531.3252552	1	30	508
Allen	OH	530.8742806	8	120	1042
Clinch	GA	529.8013245	2	8	75
Wilkes	GA	529.4705295	1	1	50
Muskegon	MI	529.2150075	4	192	1800
Lincoln	WV	528.7814834	2	9	226
Gadsden	FL	528.2071265	5	25	444
Bullock	AL	526.3652599	0	12	98
Dauphin	PA	525.2143487	18	527	1533
Hill	MT	525.1086432	0	1	40
Bibb	GA	524.1693112	24	292	2395
Knox	TN	522.4662747	25	612	4205
Vance	NC	522.2281735	11	97	1029
Bryan	OK	522.1046922	1	9	366
Cuyahoga	OH	521.2349405	99	3719	12781
Taney	MO	520.7652823	0	26	351
Martin	NC	519.0092409	3	32	425
McMinn	TN	517.7585449	0	37	483
Dallas	AR	516.8284382	2	7	80
Delaware	PA	516.0390268	30	849	2309
Ward	TX	515.8306652	2	2	70
Gibson	TN	515.5994096	0	21	367
Bristol	MA	515.394913	6	692	3653
Oconee	SC	514.3580518	5	17	662
Etowah	AL	513.8024266	2	126	1241
Pontotoc	OK	513.2659507	3	11	292
Monroe	FL	512.1085513	3	66	638
Gonzales	TX	512.0126034	2	4	166
Abbeville	SC	511.8566801	0	12	216
Galax city	VA	511.7270789	0	1	17
Dorchester	MD	508.2669933	1	36	296
Lawrence	PA	508.2108515	4	93	635
Ben Hill	GA	508.1358835	0	12	180
Kings	CA	508.081611	4	106	813
Baltimore	MD	508.0101821	24	1368	4083
Des Moines	IA	506.4229249	3	20	339
Okeechobee	FL	505.9750826	0	30	550
Lancaster	SC	504.6111014	13	68	884
Lee	IA	504.4560283	0	5	254
Calcasieu Parish	LA	504.3626086	12	241	3762
Randall	TX	503.6608315	6	126	1094
St. Charles Parish	LA	503.6395081	2	32	409
Baldwin	GA	501.7485176	2	15	359
Pueblo	CO	501.7002063	8	199	1962
Cherokee	TX	501.1989465	2	25	436
McNairy	TN	501.1476664	0	5	153
Lea	NM	501.0137816	4	28	729
Franklin	AL	497.9068882	0	13	216
Geary	KS	497.5390541	1	13	166
Tallapoosa	AL	497.5365871	3	17	296
DeWitt	TX	497.4881725	0	5	124
Bay	FL	497.1797905	9	168	1558
Scotland	NC	496.8771686	7	33	761
St. Helena Parish	LA	496.5517241	0	2	87
Washington Parish	LA	495.4867619	6	36	552
Calhoun	TX	495.2765294	0	3	191
Johnson	TN	495.0770429	2	2	96
Valencia	NM	492.8949714	4	18	822
Gregg	TX	492.5868123	7	145	1241
Kleberg	TX	492.1965048	1	18	370
Sheridan	MT	490.7306434	0	0	7
Muscogee	GA	490.5731077	17	424	2712
Nantucket	MA	490.4317723	0	2	51
Decatur	TN	488.80885	0	3	97
Osceola	FL	488.4356659	8	209	2801
York	SC	488.3795741	10	167	1090
Shawnee	KS	488.1703955	19	244	1585
Pennington	SD	486.9469842	5	55	716
Ingham	MI	485.4128135	13	237	1971
Cloud	KS	484.2875592	0	0	88
Bradford	FL	484.1713222	0	6	179
Douglas	NE	483.3822237	41	824	3684
Colbert	AL	482.3917828	2	34	636
Passaic	NJ	481.7351959	30	1213	3093
Gray	TX	481.7081109	0	6	269
Portsmouth city	VA	481.2639676	11	181	1220
Monroe	AL	481.201655	0	8	129
Union	NM	480.5491991	0	2	77
Hardin	TN	480.1413536	1	12	282
Clarke	AL	480.0253898	0	12	172
Pointe Coupee Parish	LA	480.0213343	0	4	111
Crenshaw	AL	479.0504791	1	3	85
Marion	FL	479.010677	21	162	1989
Palm Beach	FL	478.6575434	74	1883	10230
Pima	AZ	478.147697	56	1481	8284
Multnomah	OR	477.461544	24	1170	5621
Georgetown	SC	476.5056254	4	31	710
Chesterfield	SC	476.2213997	2	21	362
Crisp	GA	475.6599246	3	44	333
Pottawatomie	OK	473.593974	4	22	659
De Baca	NM	471.9454641	0	0	9
Calhoun	SC	471.6041182	0	9	221
Radford city	VA	471.3687151	1	8	108
Broward	FL	470.9480521	80	3408	17400
Raleigh	WV	470.6150977	9	99	1054
San Miguel	NM	469.5000175	0	8	155
Muscatine	IA	469.2314875	0	7	259
Dimmit	TX	468.0187207	0	2	167
Lincoln	TN	466.8034371	2	6	196
Okaloosa	FL	464.3699274	2	108	920
Reno	KS	464.2467674	2	26	637
Decatur	GA	464.1982529	3	11	254
Hamblen	TN	462.948283	0	58	374
McCurtain	OK	462.7249357	0	10	311
Ramsey	MN	462.49008	15	730	4257
Tulare	CA	462.4094173	33	412	4364
Ouachita Parish	LA	462.1687364	11	175	2149
Marengo	AL	461.4239643	3	9	148
Hampshire	WV	460.6525912	0	2	97
Clinton	IA	460.5534903	0	21	356
Barrow	GA	460.4425287	0	22	409
Erie	NY	459.3060294	50	1602	6019
Coffee	TN	459.1712428	2	17	356
Richmond	NC	459.0022627	8	49	974
Bourbon	KS	457.8507945	0	1	136
Atlantic	NJ	457.4751144	30	479	1794
White Pine	NV	457.3928607	0	1	61
Sussex	DE	457.297156	6	170	1850
Kanawha	WV	455.3653117	11	148	1540
Meigs	TN	454.9746759	2	1	75
Richmond	GA	454.9437385	28	546	3186
Iron	MO	454.3696829	1	3	47
Newberry	SC	453.0796088	1	22	264
Morris	TX	451.9245753	0	4	114
Florence	SC	451.8311814	6	133	1466
Hunt	TX	451.4750482	1	65	869
Roosevelt	NM	451.0147833	0	3	219
Claiborne Parish	LA	450.4504505	0	6	131
Canadian	OK	450.3540195	7	107	1200
Schenectady	NY	450.0009657	7	227	1059
Liberty	TX	449.8940279	1	36	544
Russell	AL	449.7776286	2	70	776
Inyo	CA	449.4503709	0	4	103
Saluda	SC	447.9617739	0	6	160
Lawrence	MO	447.8198245	1	6	330
Charlottesville city	VA	446.4587702	2	50	165
Hamilton	OH	445.8559141	58	2077	8318
Los Angeles	CA	444.800814	600	18923	49107
Mercer	NJ	444.6376217	26	760	2447
Rutherford	TN	444.0822833	6	195	1694
Walker	AL	443.9528471	2	56	780
Leavenworth	KS	443.8191469	0	34	464
Scott	IA	443.70103	4	156	1059
Benton	MO	443.6932178	1	4	191
Putnam	TN	443.3866032	0	34	711
Dallas	TX	442.965072	165	4889	25141
Anne Arundel	MD	442.1108318	13	538	2588
Guilford	NC	441.7599337	28	753	5151
Iron	WI	441.7261298	0	0	21
Hudson	NJ	441.3265847	15	1323	2664
Jefferson Parish	LA	440.2358045	37	501	3124
Grenada	MS	439.5706089	7	21	278
Catahoula Parish	LA	439.5389725	3	9	46
Franklin	OH	438.0237622	80	3296	16769
Alamance	NC	436.5907059	4	138	1438
Madison Parish	LA	435.9855789	0	2	99
Gulf	FL	435.908775	1	5	125
Monroe	TN	435.2148459	5	10	337
Randolph	WV	435.1521333	2	5	158
Monterey	CA	435.1415259	45	706	2912
Washington	AR	434.8227901	7	70	1285
Laclede	MO	434.5753778	1	5	158
Solano	CA	434.5697148	28	659	4322
Wilbarger	TX	434.0872744	1	1	89
Sweetwater	WY	433.2736477	3	5	120
Hemphill	TX	432.9004329	0	0	16
San Bernardino	CA	432.4902041	102	2923	18788
Forest	PA	432.4465994	2	0	83
Tuscaloosa	AL	432.2257134	10	234	1932
Berrien	MI	432.2005514	3	111	1188
DeSoto	FL	431.6713503	1	30	319
Spartanburg	SC	431.3174256	10	233	2450
Volusia	FL	431.3099042	19	422	4095
Bexar	TX	431.0605685	101	2038	18580
Worcester	MA	430.9694898	14	631	4731
Wichita	TX	430.1498709	6	154	1439
Clay	AL	430.075634	0	3	26
Black Hawk	IA	430.0393826	5	75	1061
Webb	TX	429.3415113	8	187	1825
Lawrence	TN	428.6734937	2	8	363
Pierce	WA	428.3049688	38	910	9180
Polk	GA	427.3608042	3	49	580
Kent	MD	426.1933414	0	21	113
Cowley	KS	425.3673627	0	4	259
Barton	KS	425.3153513	0	8	237
Hockley	TX	424.9893753	1	9	223
Schoolcraft	MI	424.3967503	0	1	71
Webster	IA	423.8203218	0	16	241
Rusk	TX	423.3337063	0	24	381
Jackson	FL	423.1225216	0	27	245
Warren	IL	423.1073	0	2	133
Cumberland	TN	422.8587339	2	22	581
Stone	MO	421.7656644	1	1	160
McLennan	TX	421.5652577	9	218	2237
Trousdale	TN	421.5636178	0	1	31
Barnstable	MA	421.4149495	1	79	2223
Coffee	GA	421.101342	4	55	479
Winkler	TX	420.7204838	0	1	17
Wayne	NC	420.603132	20	108	1576
La Salle Parish	LA	419.5709549	0	0	24
White	TN	419.1434233	1	6	169
Stonewall	TX	418.9944134	0	0	2
Tipton	TN	418.9263794	5	32	368
Brazos	TX	418.8734225	5	109	1287
Dorchester	SC	418.1654367	8	129	973
Finney	KS	417.812281	0	12	150
Newport News city	VA	416.9871443	21	271	1038
Jasper	MO	416.673826	3	71	1054
Tarrant	TX	416.156389	73	2167	16077
Cherokee	AL	415.9829027	1	2	329
Cole	MO	415.9115503	2	41	332
Desha	AR	415.8336665	0	8	106
Hopewell city	VA	415.1062582	2	32	209
Lake	IN	414.6861571	62	685	4241
Orangeburg	SC	414.5499329	13	117	1353
Huerfano	CO	414.1739531	0	6	47
Pike	AL	413.929632	4	21	316
Polk	MO	413.2498224	1	2	215
Oglethorpe	GA	412.4278251	1	4	112
Zavala	TX	411.319513	1	2	58
Dale	AL	410.9534119	1	32	325
Dallam	TX	410.9394927	1	1	51
Mendocino	CA	410.5881274	6	46	563
Vernon	MO	410.5207886	0	9	242
Lassen	CA	410.4094767	1	11	166
Maricopa	AZ	410.2097764	208	5341	32859
Hennepin	MN	410.0842691	49	2083	7820
Allegheny	PA	409.4916311	81	1732	5727
Ellis	KS	409.4835002	0	8	114
Ware	GA	408.8605114	3	44	309
Childress	TX	408.7385483	0	1	36
Hidalgo	NM	408.2509669	0	4	9
Bartow	GA	407.8085966	2	38	1032
Hardin	IL	406.6012916	0	1	1
Clay	FL	406.3157144	7	86	842
Elkhart	IN	405.8575111	8	149	1247
Washington	TN	404.632565	1	60	1004
Bell	TX	402.9457568	17	348	2792
Cedar	MO	402.5012578	0	4	99
Charleston	SC	402.3572772	26	348	1876
Camden	GA	402.1291476	2	23	343
Greene	TN	401.3652277	5	41	626
Houston	AL	401.2810125	7	108	1095
Curry	NM	401.2016285	4	22	729
Contra Costa	CA	400.6561842	56	1603	8556
Wilson	NC	400.406529	9	78	895
Wharton	TX	400.3299689	1	24	296
Mariposa	CA	399.8873557	3	2	93
Montgomery	OH	399.5550961	32	933	5833
Pitt	NC	399.3963148	11	207	1763
La Paz	AZ	398.5435938	0	2	151
Monroe	PA	398.4492785	4	95	1202
Fredericksburg city	VA	398.1231338	2	21	87
Massac	IL	398.0627612	1	3	45
Logan	WV	397.3657154	3	8	117
Montgomery	AL	396.6310625	45	465	3656
Lake	MT	396.319399	1	1	134
Pulaski	MO	396.2938156	3	18	349
Kent	MI	395.6892392	22	639	3878
Sequatchie	TN	395.0684558	0	3	114
Robertson	TN	394.7583218	3	53	305
Henry	MO	394.3968448	0	3	227
Clarke	GA	394.1780398	5	162	1193
Dunklin	MO	394.172553	0	11	325
St. Lucie	FL	393.958833	7	223	2001
Uvalde	TX	393.6715442	3	3	181
Franklin city	VA	393.6096319	1	11	40
New Haven	CT	392.9086256	33	1351	4218
McMullen	TX	392.6701571	0	0	9
Walker	TX	392.3449148	1	15	434
Bacon	GA	392.296719	0	12	43
Smith	TX	391.9844502	6	115	1890
Warren	MS	391.9698038	2	31	368
New Hanover	NC	391.5279907	9	300	2447
Harvey	KS	391.4682939	0	5	236
El Paso	TX	391.4376636	28	507	2361
Garland	AR	388.9969436	10	63	1612
Sierra	NM	388.8696854	1	1	86
Yuba	CA	388.6010363	6	39	612
Henry	AL	387.372803	4	6	140
Lincoln	GA	387.0468327	0	4	59
Clark	AR	386.9322429	5	4	201
Colquitt	GA	386.8179363	4	41	403
Roosevelt	MT	386.5168539	0	1	51
Santa Cruz	CA	386.3870031	10	220	1633
Bienville Parish	LA	386.2384665	0	5	60
Macon	IL	386.17105	6	111	1090
Jennings	IN	385.9636698	0	0	310
Chatham	GA	385.7287544	24	537	2458
Shannon	MO	385.6815717	0	0	28
Jackson	AL	385.2618459	0	2	452
Caddo	OK	385.2132189	1	3	178
Adams	IA	385.2080123	0	0	11
Liberty	GA	385.1251267	2	41	601
Panola	MS	383.6986222	5	6	627
Bedford	TN	383.4339121	1	16	236
Vermilion Parish	LA	383.1029653	7	32	458
Buchanan	MO	382.6800995	1	93	1065
Terrebonne Parish	LA	382.2650312	5	100	764
Ford	KS	381.9753583	2	16	300
Angelina	TX	381.9718439	5	53	789
Berkeley	SC	381.9193898	16	134	1425
Irwin	GA	381.8818288	0	0	73
Niagara	NY	381.7987482	4	207	1437
DeKalb	AL	381.6202667	0	9	558
Stephens	GA	381.5753611	4	15	161
Livingston Parish	LA	381.1925134	1	60	938
Navarro	TX	380.9484158	0	37	579
Giles	TN	379.1831907	1	13	210
El Paso	CO	379.058506	20	566	4680
Butler	OH	378.9674417	10	305	3621
Jasper	TX	378.6922494	2	7	201
Pickens	SC	378.0387052	9	41	1017
Warren	TN	377.8306018	1	9	262
Elbert	GA	377.5702842	2	9	204
Summit	OH	377.428833	27	656	4547
Santa Barbara	CA	377.0969275	6	311	2430
Terrell	GA	376.8565728	2	1	81
San Benito	CA	376.7361111	1	33	357
Scott	KY	376.3989829	1	33	352
Charles	MD	376.1513502	6	154	615
Allendale	SC	376.0544771	0	4	151
Grimes	TX	376.0378272	1	8	187
Kalamazoo	MI	375.8885967	13	223	1635
Crawford	GA	375.8797185	1	6	162
Washoe	NV	375.8089692	12	411	2626
Assumption Parish	LA	375.2102471	2	7	96
Onondaga	NY	374.9036587	15	539	2988
Rock Island	IL	374.8523	4	80	721
Gaston	NC	374.8448095	6	194	1826
Anderson	TX	374.5382996	3	23	427
Essex	MA	374.1394007	8	561	2930
Atkinson	GA	373.9445115	1	4	72
Henderson	TX	373.6892278	2	18	657
Wyoming	WV	373.6044137	1	7	131
Hart	GA	373.3396212	0	6	200
Campbell	TN	372.7819474	1	25	591
Winston	AL	372.7325437	1	3	177
Douglas	KS	372.6316894	0	57	745
Mason	IL	371.9820326	0	3	46
Kent	TX	371.7472119	0	0	5
Sunflower	MS	371.4683716	2	28	275
Cass	MN	371.2134477	3	1	216
Columbus	NC	370.3315515	4	55	959
Fayette	KY	369.9404723	16	618	3087
Seminole	GA	368.921185	1	4	55
San Diego	CA	368.6724057	107	3200	14076
Williams	ND	368.305457	1	2	92
Brown	TX	368.2216747	3	10	214
Kay	OK	368.1546249	0	33	323
Taylor	TX	367.5894928	3	126	1083
Musselshell	MT	367.249946	0	0	11
Spokane	WA	366.5013204	18	658	6147
Mercer	WV	366.2235416	5	34	523
Rhea	TN	366.0074432	0	8	201
Marshall	IA	365.9072059	1	6	319
Chesapeake city	VA	365.1803566	12	202	1044
Morgan	TN	365.0467716	2	4	161
Plymouth	MA	365.0020422	7	307	2429
Boone	MO	364.8117677	3	180	1023
Lancaster	NE	364.6022704	4	201	1755
Allegany	MD	364.5217013	3	42	571
Caldwell	TX	364.4983687	0	15	223
Monroe	AR	364.4884145	1	5	57
Pratt	KS	364.4462442	0	1	64
Mahoning	OH	364.3065135	25	311	2855
Scurry	TX	364.1197549	1	4	108
Glacier	MT	363.9275056	1	0	39
Dixie	FL	363.8644918	0	5	213
Oregon	MO	363.7686431	1	1	38
Reynolds	MO	363.6914684	3	0	33
Jackson	AR	363.3267102	0	15	235
Newton	GA	363.1181305	5	54	986
Lamar	TX	362.1575689	5	37	441
Cape Girardeau	MO	362.131402	3	68	691
Sonoma	CA	362.0019191	4	232	1826
Drew	AR	361.9909502	1	5	151
Bladen	NC	361.6221336	2	20	454
Walton	FL	361.1617369	1	18	375
Worcester	MD	360.3254553	1	31	432
Poinsett	AR	360.3230483	2	7	217
Lincoln	OR	360.3020496	0	16	320
Yakima	WA	359.4501384	19	218	3051
Washington	IA	358.8462412	0	1	61
Atchison	KS	358.2303421	0	6	112
Robertson	TX	357.8794128	0	5	126
Rockdale	GA	357.8043926	1	56	804
Navajo	AZ	357.8017555	3	13	659
Fannin	GA	357.7441077	0	2	172
Henry	VA	357.2989718	5	28	380
Franklin	IL	357.1246365	0	9	257
Gilpin	CO	357.079093	0	0	28
Floyd	GA	356.9154987	5	56	903
Monroe	NY	356.854134	41	1011	4968
Amador	CA	355.9790794	0	14	241
Ouachita	AR	355.9715223	2	11	240
Boone	AR	355.653011	1	3	292
Orange	TX	355.6059163	1	47	675
Santa Fe	NM	355.4397889	6	136	2735
Pasquotank	NC	355.1687051	3	39	348
Chilton	AL	354.9407294	0	14	389
Suwannee	FL	354.415329	1	17	337
Hillsborough	FL	353.8307404	53	1130	7139
Obion	TN	353.3455398	0	12	220
St. Martin Parish	LA	353.2567629	3	16	185
Floyd	TX	353.1300161	1	1	41
Williamson	IL	352.6388142	0	14	507
Juneau City and Borough	AK	352.1126761	0	16	94
Beaufort	NC	351.8456093	1	36	504
Caldwell	MO	351.7643179	0	0	72
Caroline	MD	351.7572569	3	21	336
Limestone	TX	351.5390551	2	7	246
Elko	NV	351.2522908	6	10	343
Mitchell	TX	350.9891512	0	0	83
Tillman	OK	350.1491376	0	2	68
Granville	NC	350.0643501	0	46	712
Lexington	SC	349.9517812	12	156	1500
Providence	RI	348.8705059	30	632	4292
Harrison	TX	348.3539156	3	20	597
Polk	FL	348.309575	39	421	5796
Dickson	TN	348.1478534	4	3	328
Swisher	TX	347.8036841	0	2	54
Grant	NM	347.7905074	0	17	207
Cross	AR	347.6179622	0	3	190
Yuma	AZ	346.4197494	8	72	1567
Bristol city	VA	346.0008073	2	17	114
Napa	CA	345.6237618	2	71	658
Stokes	NC	345.5825534	2	9	452
Travis	TX	345.4200618	32	997	8244
Blount	TN	345.3265014	3	43	987
Clinton	MO	345.1460794	1	2	108
Union	NJ	345.0942625	28	966	2613
Lynchburg city	VA	344.8099059	3	46	367
DeKalb	TN	344.395742	2	9	159
Torrance	NM	343.5770185	0	0	125
San Patricio	TX	343.226938	4	16	517
Ste. Genevieve	MO	343.120711	1	1	38
Anderson	TN	342.85563	3	37	646
Hughes	SD	342.7004798	4	3	69
Lauderdale	MS	342.662048	12	134	1064
Hansford	TX	342.0342034	0	3	20
McCormick	SC	341.8116015	0	4	56
Coffee	AL	341.591739	2	12	321
Hamilton	FL	341.3682597	0	5	148
St. Joseph	IN	341.1958352	21	388	2626
Thomas	GA	340.9926675	3	32	536
Tunica	MS	340.9090909	4	13	77
Saline	IL	340.8316292	0	4	198
Surry	VA	339.985218	1	3	30
Weakley	TN	339.6226415	2	4	194
Laurens	GA	339.5904081	3	54	486
Cheatham	TN	339.3092272	1	9	211
Saline	KS	339.0742734	2	26	493
Pulaski	IL	338.5240352	0	2	27
Washington	NC	337.9971703	0	11	98
Lee	FL	337.9139787	45	553	4171
Pulaski	GA	337.8963784	0	2	80
Cleveland	OK	337.8629242	13	210	2383
Winn Parish	LA	337.5413488	1	8	102
Marshall	TN	337.2952136	1	1	152
King	WA	337.2057704	57	2572	17559
Grady	OK	337.1519046	1	13	443
Los Alamos	NM	337.1165299	0	0	39
Franklin	KY	336.3680309	3	68	469
Adams	CO	336.3221531	22	238	2175
Bastrop	TX	336.3006924	0	20	505
Lanier	GA	336.2797848	0	4	83
Wilcox	AL	336.0749978	0	5	45
Tate	MS	334.8253621	1	16	153
Coconino	AZ	334.7029054	4	56	555
Labette	KS	334.6720214	0	5	178
Lewis	TN	334.420199	0	4	52
Sutter	CA	333.508128	5	45	758
Seward	KS	333.4758444	0	7	163
Sevier	TN	333.4402052	1	44	1364
Berkshire	MA	333.371918	0	55	891
Clay	MS	333.2026656	4	8	147
Washington	CO	333.1251301	0	0	15
Hamilton	IA	333.0721003	0	3	70
Houston	GA	331.8479188	8	166	1142
Berks	PA	331.7848429	21	481	2462
Russell	KS	331.7467186	0	0	40
Lucas	IA	331.5801509	0	1	59
Cabell	WV	331.5042262	2	142	1289
Seminole	FL	331.3908554	17	357	2478
Aiken	SC	331.3517201	13	108	1618
Crawford	KS	330.9740822	1	10	371
Ashland	WI	330.9190809	0	2	78
Appanoose	IA	330.9171131	0	0	141
Manassas city	VA	330.8955761	3	51	111
Albany	NY	330.6781345	5	318	1497
Matagorda	TX	330.6733712	1	19	290
Indiana	PA	330.5031626	5	16	310
Montgomery	IL	330.4781817	0	3	102
Minnehaha	SD	329.5479849	2	60	863
Webster Parish	LA	329.4163922	1	13	153
Marion	AR	328.6670724	0	1	117
Lamar	GA	328.5260872	3	7	79
Gordon	GA	328.2099109	4	11	345
Blaine	ID	328.1916639	1	0	61
San Luis Obispo	CA	327.7348314	6	78	1568
Nacogdoches	TX	327.567733	1	30	430
Talladega	AL	326.7732071	3	39	1028
Duplin	NC	326.2099727	9	24	633
Webster	WV	326.0991791	3	1	26
Yadkin	NC	325.9897997	2	6	376
Washington	AL	325.8873022	2	3	68
West Baton Rouge Parish	LA	325.5605746	4	7	72
Lincoln Parish	LA	324.7985827	3	29	378
Union	TN	324.5733431	2	9	237
Tama	IA	324.3058716	0	0	45
Citrus	FL	323.8290814	5	57	737
Lake	FL	323.6655694	8	130	2003
Wood	WV	323.4414167	1	35	619
Lake	TN	323.3734316	0	2	28
Wilson	TN	323.0964779	4	44	569
Valley	ID	322.7149698	0	0	47
Craighead	AR	322.205581	4	82	1387
Pierce	GA	322.1037068	0	16	143
Stillwater	MT	321.9575016	0	1	54
Salt Lake	UT	321.9350184	27	773	6584
Sabine Parish	LA	321.8485661	0	6	73
Howell	MO	321.8379422	1	4	312
Shelby	TX	321.8052109	5	18	169
Logan	KS	321.6583274	0	0	8
Putnam	WV	321.270962	1	9	157
McDowell	WV	320.9427093	0	5	91
Ripley	MO	320.695553	0	1	95
Dodge	GA	320.4373027	0	4	211
Swain	NC	320.1024328	1	1	120
McLean	IL	320.0742068	1	84	770
Waynesboro city	VA	319.804355	0	9	88
Yavapai	AZ	319.8021689	12	47	943
San Augustine	TX	319.3066484	0	3	36
Beaver	PA	319.1958381	6	84	632
Pasco	FL	319.0312554	12	304	3597
Licking	OH	318.9309577	0	66	1087
Lowndes	GA	318.8210705	5	97	901
Lee	TX	318.7394756	0	3	91
Suffolk city	VA	318.4490482	2	52	357
Doniphan	KS	318.4307732	0	0	46
Ford	IL	318.1029497	0	1	64
Geneva	AL	318.0304561	0	5	162
Edgar	IL	317.3719376	0	3	88
Franklin	MA	317.3221381	1	26	484
Mesa	CO	317.1720184	5	44	573
Jackson	OR	316.9579707	4	82	1029
Sarasota	FL	316.8309731	17	288	2741
Hidalgo	TX	316.7907686	30	474	6465
Lee	GA	316.4665818	1	5	150
Crawford	AR	316.3530175	1	8	456
Jackson	MI	316.1458885	7	71	723
Franklin	AR	316.0696462	2	2	99
Troup	GA	315.6995351	5	76	706
Pawnee	KS	315.5931717	0	0	48
Marshall	SD	314.9275667	0	0	11
Danville city	VA	314.6339758	3	54	424
Chariton	MO	314.6303094	0	0	28
Faulkner	AR	314.4338518	4	80	1064
Little River	AR	314.2183818	0	1	61
Ozark	MO	313.8075314	1	2	82
Harmon	OK	313.6981527	1	2	34
Cherokee	SC	313.1430616	3	20	338
Rowan	NC	313.0354316	3	129	1306
Polk	IA	312.8341713	8	280	3410
Mono	CA	312.6332244	0	9	86
Chowan	NC	312.3726742	0	15	138
Lonoke	AR	312.3542465	0	18	864
Quay	NM	311.7063034	0	4	125
St. Joseph	MI	311.6593399	0	7	256
Catawba	NC	311.349396	13	119	1555
Adair	OK	310.8948364	1	1	156
Grant	AR	310.7830623	1	3	137
Henry	TN	310.4625893	1	12	293
Garfield	WA	310.2836879	0	0	16
Marion	TN	310.1430887	0	4	116
Craven	NC	310.0804869	3	61	1888
Gunnison	CO	309.5376282	0	2	35
Vanderburgh	IN	309.2647107	8	199	1132
Howard	AR	309.2555776	0	2	120
Hardy	WV	308.908046	0	0	32
Kankakee	IL	308.5979308	8	82	658
Indian River	FL	308.4637379	1	64	851
Somerset	MD	308.3012979	3	9	147
Bates	MO	308.1570997	0	1	115
Butte	CA	307.98325	11	167	1919
Mahnomen	MN	307.3029646	0	0	36
Stephens	OK	307.2196621	3	19	441
Wayne	IL	307.0069829	0	1	87
Stewart	TN	306.8402934	1	3	61
Jefferson	GA	306.372549	0	17	121
Kearny	KS	305.8883508	0	0	17
Panola	TX	305.823209	0	8	208
Pecos	TX	305.7909155	1	2	74
Hartford	CT	305.5867265	34	1153	4293
Woodbury	IA	305.4929991	3	46	709
Cowlitz	WA	305.3210289	4	66	872
Lafayette	FL	305.1537071	1	1	28
Riverside	CA	304.8627551	76	2349	19105
Sheridan	NE	304.7038659	0	1	17
Clearfield	PA	304.2846232	0	12	325
Jackson	TN	303.8985847	0	2	83
Washington	MS	303.896313	11	54	1242
Adams	IL	303.8879785	0	16	287
Iron	UT	303.548525	1	5	218
Stark	OH	303.3838352	13	583	3773
St. Louis	MO	303.3619454	38	732	5444
Cass	TX	303.3200356	2	8	298
Broome	NY	303.2389361	7	135	1252
Jefferson	TN	303.1291368	3	26	399
Hertford	NC	302.8938644	4	15	225
Tyler	TX	302.83265	1	1	130
Tippecanoe	IN	302.4853752	1	87	1032
Bay	MI	302.343867	1	41	453
Kauai	HI	302.1061112	0	22	689
Richland Parish	LA	302.0568634	0	3	75
Knox	IL	301.4708706	2	14	340
Jack	TX	301.4402144	0	0	39
Carroll	GA	300.8321837	3	71	903
Midland	TX	300.3934825	5	54	700
Greene	GA	300.2267018	1	4	100
Carbon	UT	300.1715266	9	1	211
Walton	GA	299.6944749	21	42	817
Polk	TN	299.5805872	4	2	115
Madison	AR	299.3439908	0	0	48
Sullivan	PA	299.1654858	0	0	44
Banks	GA	298.6695629	0	1	109
Maverick	TX	298.5768433	3	4	512
Clark	OH	298.1632848	5	182	1753
Arapahoe	CO	297.9886998	22	552	2879
Scott	KS	297.9145978	0	0	16
Mitchell	KS	297.8990279	0	0	15
Jackson	MS	296.9028124	5	103	1406
Lyon	NV	296.758927	1	12	322
Buena Vista	IA	296.5916274	0	0	90
Wakulla	FL	296.563729	0	4	149
Ochiltree	TX	296.1317786	0	0	35
Wayne	IN	296.0540851	7	55	613
Cass	ND	296.0160659	1	54	620
Mineral	WV	295.9861392	0	6	131
Boone	IA	295.8579882	1	2	122
Kootenai	ID	295.2899179	1	23	1173
Hernando	FL	295.2287593	2	71	1249
Marion	IL	295.1685568	0	15	292
Macon	TN	295.1411832	0	0	56
Sumner	TN	294.869973	2	41	674
Lawrence	AL	294.7569	0	6	206
Overton	TN	294.4507361	1	2	119
Washtenaw	MI	294.4331527	6	188	2339
Mille Lacs	MN	294.1973445	0	11	195
Lake	OR	294.1176471	0	0	7
Colorado	TX	293.9475713	4	2	120
Grant	WA	293.8679553	5	48	907
Carteret	NC	293.7136511	4	20	618
Dooly	GA	293.6241611	0	5	38
Scott	MS	293.5663	1	17	153
Surry	NC	292.9500342	7	28	679
Davison	SD	292.5894163	0	3	62
Lewis and Clark	MT	292.3260583	3	15	205
Perry	TN	292.2861863	0	1	33
Glades	FL	292.2442863	0	1	72
Jasper	IL	291.9099249	0	0	27
Fairfield	CT	291.8383154	33	948	3214
Claiborne	MS	291.7972549	2	5	136
Missoula	MT	291.5738728	0	43	468
Union Parish	LA	290.905836	0	2	86
Mitchell	GA	290.7355175	0	12	119
Macomb	MI	290.7218207	4	438	3591
Terry	TX	290.3554893	0	7	80
Carbon	MT	290.1353965	0	0	24
Camp	TX	290.018529	0	3	106
Perry	AR	289.9951667	0	1	37
Lake	MI	289.8296153	0	0	140
Deer Lodge	MT	289.4200879	1	0	13
Custer	OK	289.3420022	1	3	138
Franklin	TN	289.3335603	4	5	222
Grant	KS	289.3081761	0	1	41
Humboldt	CA	289.2343839	2	130	1130
Jasper	SC	289.1584363	9	25	201
Polk	AR	289.1306478	1	3	214
Eureka	NV	289.017341	0	0	14
Clark	WI	288.8920988	0	1	80
Orange	NY	288.8772924	9	377	1361
Iredell	NC	288.7239617	1	89	1650
Jerome	ID	288.7092476	0	7	138
Mills	IA	288.6680988	0	5	143
Jefferson	MS	288.3733124	0	0	12
Upshur	TX	288.3361749	1	11	345
Yellowstone	MT	288.0087181	3	73	975
Blaine	MT	287.7044216	0	0	3
Crawford	MI	287.6869965	0	1	84
Miller	GA	286.5812542	0	1	27
Kit Carson	CO	286.176434	0	0	15
Greene	IL	286.1545234	0	0	48
Allen	IN	285.3884423	24	469	2308
Richland	MT	285.3575887	0	2	50
Warren	MO	284.8571169	0	4	170
Hancock	TN	284.4737236	0	0	47
Elmore	AL	284.2945786	4	44	665
Chippewa	MI	284.2671077	1	1	126
Donley	TX	283.9295855	0	0	12
Washington	IL	283.7763012	0	1	30
Martinsville city	VA	283.5332606	1	7	77
Northampton	NC	283.1229905	1	9	205
Lamb	TX	283.1215971	1	5	119
Barber	KS	282.9997979	0	0	15
Levy	FL	282.514378	0	5	323
Toombs	GA	282.33051	3	14	235
Van Buren	MI	282.2874561	0	13	418
Humboldt	NV	282.2092956	2	2	62
Pettis	MO	281.9571141	0	16	497
Mingo	WV	281.8532819	3	5	86
St. Johns	FL	281.4254437	8	58	929
Luzerne	PA	281.1595018	17	233	1661
Barry	MO	281.119982	0	7	363
Broadwater	MT	281.0962755	0	0	3
Greene	AR	280.762002	2	17	685
Washington	FL	280.214425	0	4	100
Marion	AL	280.2136217	1	3	201
Yazoo	MS	279.7403436	1	16	252
Scott	IN	279.4927415	2	8	274
Jasper	GA	279.3912212	0	0	75
Harford	MD	279.2769296	3	156	1020
Glenn	CA	279.1696492	0	7	230
Rensselaer	NY	278.8929326	9	130	964
Warren	IA	278.8575292	0	0	226
Crook	OR	278.6452078	0	1	95
Imperial	CA	278.6209396	3	111	2037
Hall	NE	278.3267457	0	21	418
Butts	GA	278.2415136	0	12	118
Brown	WI	278.09856	8	98	989
Grand	UT	277.7777778	0	0	52
Houston	TN	277.3757839	0	1	35
Catron	NM	277.2387025	0	1	35
Mayes	OK	276.933634	2	2	221
Pocahontas	WV	276.8485408	0	1	26
Luce	MI	276.837896	0	1	24
Benewah	ID	276.42636	0	1	37
Mason	MI	276.1754938	2	1	147
Hardee	FL	276.172826	1	12	229
Jackson	OK	275.9889604	1	11	237
Bethel Census Area	AK	275.9319743	1	2	39
Burleigh	ND	275.8402388	1	17	387
Franklin	KS	275.8352758	0	5	153
Douglas	GA	275.7022709	1	77	815
Bradley	AR	275.5800516	1	9	141
Washington	OK	275.3165171	2	16	375
Montour	PA	275.0660698	0	1	66
Weld	CO	274.2924922	6	89	971
Rockingham	NC	274.2767583	7	51	1041
Yell	AR	274.0602019	1	6	198
Tom Green	TX	274.0226525	5	36	852
Coles	IL	273.7583105	2	14	140
Meriwether	GA	273.1725697	0	4	181
Decatur	KS	273.0375427	0	0	22
Garfield	OK	273.0178104	2	21	517
Twin Falls	ID	272.6465475	4	19	334
Choctaw	OK	272.515786	0	4	91
Josephine	OR	272.4893765	1	57	713
Person	NC	272.4310011	0	14	378
Clallam	WA	272.4305786	5	24	654
Malheur	OR	272.3186456	0	5	195
Goshen	WY	271.8189833	0	1	66
Yolo	CA	271.7590533	0	162	1312
Taylor	GA	271.7391304	0	1	53
Cherokee	KS	271.7132234	2	2	242
Warren	PA	271.4932127	1	6	149
Highlands	FL	271.4718899	3	65	840
Telfair	GA	271.2313905	0	2	69
Monongalia	WV	270.841074	3	43	400
Hill	TX	269.9365362	1	12	265
Fayette	WV	269.7427575	5	26	352
Flathead	MT	269.6952766	1	13	429
Marshall	OK	268.9517138	2	0	35
Kitsap	WA	268.9315189	5	111	2073
St. Francois	MO	268.8212641	1	8	306
Preston	WV	268.7616291	1	4	97
Woodward	OK	268.6018567	0	1	154
McKenzie	ND	268.4131415	1	1	16
Randolph	AL	268.4032208	0	3	228
Comal	TX	268.3997299	3	29	558
Conway	AR	268.2984232	0	0	112
Otero	NM	268.2272616	0	10	319
White	IL	268.0596605	2	2	70
Galveston	TX	267.9427085	7	271	2049
Mason	WA	267.7818735	6	22	914
Caswell	NC	267.3566192	2	4	214
Benton	AR	267.1757334	3	29	1214
Essex	VA	267.1653754	0	2	63
Howard	IN	267.037216	4	63	682
Salem	NJ	267.0104042	1	47	488
Osage	OK	266.7389085	1	20	358
Ottawa	OK	266.7080167	0	5	207
Cape May	NJ	265.9102996	2	53	1054
Clear Creek	CO	265.7513011	0	1	30
Marshall	MS	265.6442558	1	23	109
Phelps	MO	265.5835026	1	11	223
Dare	NC	265.5701191	2	16	605
Wayne	WV	265.4632333	2	14	300
Santa Clara	CA	265.4076897	55	1639	8940
Warrick	IN	265.360612	0	6	126
Monroe	MI	265.3348939	5	93	1044
Wright	MO	265.2519894	1	1	102
Cobb	GA	264.2256585	15	646	4322
Whitfield	GA	264.2187576	3	38	780
Carbon	PA	263.9459142	3	17	352
Haywood	NC	263.5892064	1	19	616
St. Clair	MO	263.518499	0	1	83
Chambers	TX	263.5010323	0	18	267
Worth	GA	263.0219342	2	7	225
Lauderdale	AL	262.9395347	3	55	612
Delta	MI	262.837014	0	7	145
Linn	KS	262.7154267	0	0	58
Martin	FL	262.4567806	4	88	721
Warren	NC	262.454435	2	6	211
Barbour	WV	262.3732856	0	0	70
Hartley	TX	262.295082	0	0	32
Delaware	IN	262.1633584	1	104	914
Sequoyah	OK	262.0214469	0	2	239
Lumpkin	GA	261.9833107	0	2	117
Callaway	MO	261.502739	1	12	318
Starr	TX	261.446347	2	10	349
Butte	SD	261.374637	0	0	44
Madison	IN	261.3387287	3	88	965
Le Flore	OK	261.180536	1	5	356
Harrison	WV	260.9754683	1	14	296
Page	IA	260.9304398	0	2	99
Bennett	SD	260.7184241	0	0	2
Sandoval	NM	260.6626396	4	30	595
Wexford	MI	260.3767805	0	7	139
Shoshone	ID	260.0472813	2	0	74
Wayne	TN	259.7555936	1	0	46
Garvin	OK	259.7497622	0	10	221
Polk	MN	259.7484874	1	3	129
Lehigh	PA	259.65102	21	478	1925
Monroe	IN	259.3594948	4	54	941
Chase	KS	259.2592593	0	0	40
St. Clair	MI	259.2401025	3	56	791
Cherry	NE	259.1568763	0	0	6
Christian	KY	258.875241	6	67	670
Cameron	TX	258.8214994	13	237	3092
DeKalb	IL	258.7334473	1	31	337
Washington	MD	258.7105918	3	104	810
Covington	AL	258.6707491	1	7	282
Clinton	IN	258.2330781	0	17	190
Silver Bow	MT	257.7991484	0	6	197
Oneida	NY	257.7220284	2	165	1212
Union	FL	257.6638478	1	7	64
Macon	MO	257.3340196	0	0	111
Flagler	FL	257.1131298	1	38	436
Logan	IL	256.9750367	0	7	164
Smith	TN	256.8942015	0	4	135
Frederick	MD	256.8255533	1	131	676
Maui	HI	256.5511042	5	115	1067
Candler	GA	256.0117034	0	9	61
Kalkaska	MI	255.8734589	0	1	161
Snyder	PA	255.8635394	0	11	134
Morgan	AL	254.6186147	2	86	1114
Harnett	NC	254.4264604	4	57	1203
Sumner	KS	254.33428	0	3	172
Pope	AR	254.208835	1	7	526
Grayson	TX	254.1825701	3	48	1013
Blair	PA	254.1286002	6	38	386
Fremont	CO	254.0311296	0	5	198
Van Buren	AR	253.9570045	1	0	63
Franklin	WA	253.9301461	1	46	525
Lincoln	NM	253.6682417	2	3	179
Lowndes	MS	253.6630954	1	19	600
Johnson	TX	253.3821999	5	49	937
Newton	MO	253.2075792	3	15	455
Uintah	UT	253.1289551	0	4	123
Franklin	MS	252.1750095	1	3	49
Fergus	MT	252.1519868	0	0	17
Westchester	NY	251.8574487	20	915	1903
Benton	TN	251.6881522	0	1	94
Hampton city	VA	251.6477809	12	157	771
Autauga	AL	251.6019259	3	34	447
Marion	WV	251.4595203	0	12	181
Fentress	TN	251.270311	1	4	116
Clay	SD	251.1661285	0	2	45
Heard	GA	250.9084617	0	0	38
Chemung	NY	250.8304522	4	46	398
Bedford	PA	250.7389665	2	2	182
Franklin	NC	250.5621587	0	22	468
Kanabec	MN	250.0625156	0	1	104
Newaygo	MI	249.9947918	3	2	268
Saline	AR	249.991259	0	40	775
Scott	TN	249.8296616	2	1	171
Ogemaw	MI	249.5996986	0	3	148
York	PA	249.2226032	17	303	1313
Roane	TN	248.8359379	1	13	467
Park	MT	248.6927688	0	1	23
Woodson	KS	248.3700714	0	0	25
Chester	TN	248.253565	0	0	110
Racine	WI	248.1529525	6	226	1430
Carroll	AR	248.1300345	1	3	178
Wake	NC	248.0783423	21	814	5240
Erie	PA	247.9539341	11	223	1808
Osage	KS	247.8007682	0	0	88
Codington	SD	247.7291495	0	2	132
Carbon	WY	247.6504953	0	0	49
Fort Bend	TX	247.560798	8	417	3070
Nevada	CA	247.4541752	1	19	617
Ray	MO	247.4065715	2	0	157
Mercer	IL	247.249351	1	3	68
Washington	GA	246.6627974	1	10	132
Lee	AL	246.4669754	8	77	954
Marshall	WV	246.4647709	0	6	180
Stone	AR	246.4033066	0	0	60
Park	WY	246.3475553	1	2	109
Aransas	TX	246.3458696	1	4	229
Adams	MS	246.1826114	4	30	328
Bent	CO	246.1322082	0	1	37
Crawford	IL	246.090746	0	0	54
Pittsburg	OK	246.0684965	0	17	449
Screven	GA	245.7865169	1	12	99
San Jacinto	TX	245.7551385	0	8	274
Johnson	GA	245.7254019	0	3	62
Clay	NC	245.6538171	0	0	100
Marion	MO	245.6407418	1	10	200
Cleburne	AR	245.2697968	0	3	323
Haskell	OK	245.1731535	0	2	44
Gila	AZ	245.0379809	1	11	252
Wagoner	OK	244.3857332	2	24	378
Ashley	AR	244.3264577	3	8	198
El Dorado	CA	244.309084	3	57	983
Mackinac	MI	244.100895	0	0	54
Carson City	NV	244.0828402	0	14	298
Collier	FL	244.0805319	6	151	1356
Maries	MO	243.9565314	0	1	44
Moore	TX	243.8914232	1	2	103
Jackson	IN	243.868771	1	7	296
St. Louis	MN	243.8416276	2	106	1078
Allen	KS	243.8281012	0	1	61
Hillsborough	NH	243.5734	2	275	1695
Holmes	FL	243.4447431	1	3	96
Florence	WI	243.3628319	0	0	43
Hampshire	MA	243.1138625	2	33	647
Franklin Parish	LA	243.0606193	0	0	39
Johnson	IA	242.8946139	2	48	580
Berkeley	WV	242.85688	4	69	726
Lincoln	SD	242.6892374	0	10	244
Blue Earth	MN	242.6443658	0	29	410
Linn	MO	242.5614489	1	1	101
Pike	MS	242.4151547	2	28	356
Pottawatomie	KS	242.3868494	0	1	88
Pawnee	OK	242.2333919	1	4	59
Charlotte	FL	242.205711	1	37	910
Saguache	CO	241.6237113	0	0	31
Haskell	KS	241.4875634	0	0	14
Douglas	IL	241.3637049	0	1	86
Hawkins	TN	241.1971831	1	14	399
Beltrami	MN	240.8583315	1	13	236
Osceola	MI	240.7670149	0	4	101
Elmore	ID	240.7336645	0	3	57
Esmeralda	NV	240.3846154	0	0	2
Caldwell Parish	LA	240.2642907	0	1	86
Palo Pinto	TX	240.2380867	2	10	219
Riley	KS	240.0721543	1	24	249
Edwards	IL	239.8081535	0	0	18
Freestone	TX	239.2344498	1	6	165
Lyon	IA	239.0710383	0	0	22
Cleveland	NC	239.0594248	6	59	957
Hickman	TN	239.0077059	0	3	170
Rock	WI	238.8965963	3	96	884
Buncombe	NC	238.7944109	10	181	1661
Tooele	UT	238.6359896	0	21	323
Carroll	TN	238.4877074	0	3	174
Yankton	SD	237.9273881	0	3	84
Beadle	SD	237.8318584	0	0	67
Lawrence	IN	237.7628479	2	5	235
Wells	ND	237.7555873	0	1	22
Cullman	AL	237.591417	2	13	483
Converse	WY	237.5462866	0	0	31
Honolulu	HI	237.5362126	11	914	4713
Siskiyou	CA	237.4483436	5	13	240
Sullivan	NY	237.3964651	1	29	571
Neosho	KS	237.3706634	0	5	270
Manistee	MI	237.2188139	1	4	100
Jackson	NC	237.0536914	0	12	494
Laramie	WY	236.9297248	2	27	425
Baker	FL	236.922963	0	9	51
Union	NC	236.8910865	11	116	1330
Cascade	MT	236.6964459	1	28	391
Johnson	IL	236.6490495	0	1	17
Blaine	OK	236.6255144	0	1	66
Lane	OR	236.3760906	7	260	2622
Tazewell	IL	236.1534851	3	36	653
Aleutians West Census Area	AK	235.8918527	1	1	8
Marion	OR	235.7747193	12	172	1814
Polk	OR	235.695497	1	28	379
Bannock	ID	235.4382635	3	25	337
San Mateo	CA	235.3577129	10	504	3259
Sheridan	KS	235.0176263	0	0	12
Trumbull	OH	234.9328141	5	168	2163
Itasca	MN	234.8345185	0	1	107
Wilkes	NC	234.7043739	2	22	622
Talbot	MD	234.6365769	0	18	243
St. Mary's	MD	234.4184689	0	51	753
Payette	ID	234.4095533	0	0	119
Murray	GA	234.2934271	1	3	170
Kane	UT	234.1597796	0	0	26
Walla Walla	WA	233.4957164	0	22	450
Van Buren	TN	232.8497224	0	0	15
Golden Valley	MT	232.8288708	0	0	2
Windham	VT	232.5740475	0	18	306
Lane	KS	232.5581395	1	0	3
Nome Census Area	AK	232.5111201	0	2	12
Colonial Heights city	VA	232.5053873	0	9	57
Henry	IA	232.4201365	0	0	68
Loudon	TN	231.9219791	0	16	290
Lackawanna	PA	231.8504565	0	165	1023
Jones	TX	231.6330127	0	8	120
Johnson	IN	231.5594187	1	45	502
Mower	MN	231.3931904	0	11	229
Graham	KS	231.3922098	0	0	6
Deschutes	OR	231.3894212	0	43	821
Cooke	TX	231.3671459	1	13	257
Lincoln	MT	231.2435766	3	0	44
Fayette	PA	231.1128231	3	99	830
Morgan	IL	230.9863975	0	8	127
Garrett	MD	230.8541604	1	5	164
Adams	WA	230.7651964	0	8	184
Fayette	AL	230.6464013	1	3	52
McKean	PA	230.3450522	0	3	178
Dade	GA	230.2053674	0	1	62
Eastland	TX	230.2000548	0	6	170
Montezuma	CO	230.0912565	1	5	60
Chautauqua	NY	229.1854524	2	60	814
Vigo	IN	229.012568	6	90	1350
Sherman	KS	228.9452167	0	1	26
Payne	OK	228.9226722	2	26	467
Wapello	IA	228.8717471	2	17	327
Clark	IL	228.6491163	0	0	49
Jefferson	KS	228.5653537	0	0	118
Kaufman	TX	228.4282662	2	35	718
Keweenaw	MI	228.2062985	0	0	10
Wichita	KS	228.1021898	0	0	7
Baldwin	AL	228.086325	8	76	967
Butler	KS	227.9531328	0	6	394
Shiawassee	MI	227.8664731	2	11	297
Livingston	IL	227.8321898	1	7	144
Dutchess	NY	227.6738202	5	161	897
Jones	MS	227.6649121	1	42	678
Klamath	OR	227.5830678	2	38	319
Grand Forks	ND	226.9474841	0	21	270
Calaveras	CA	226.8898124	0	9	391
Madison	IL	226.7751894	12	118	1413
Thomas	KS	226.4720684	0	2	34
Cambria	PA	226.3361305	6	47	649
Jefferson	CO	226.1697215	8	238	2186
Asotin	WA	226.1420172	0	6	100
Poweshiek	IA	225.7943121	0	2	74
Larimer	CO	225.6414801	3	75	1098
Waller	TX	225.5988322	5	19	286
Northumberland	PA	225.3497173	3	6	317
Cass	IL	225.1576103	0	0	11
Cannon	TN	225.0453721	0	0	60
Calhoun	WV	224.7488102	1	1	14
Bossier Parish	LA	224.5140241	3	60	519
Pender	NC	224.0936856	1	14	206
Boyle	KY	224.0375004	2	27	192
Mercer	PA	223.9680542	2	70	645
Gilmer	GA	223.9406557	0	0	127
Gladwin	MI	223.5907896	1	1	158
Covington city	VA	223.4444826	1	1	26
Wilcox	GA	223.2142857	0	1	59
Boone	WV	222.9194188	0	2	116
Benton	WA	222.7811324	1	58	890
Morton	KS	222.7171492	0	0	7
Vernon Parish	LA	222.4080903	1	5	63
Sanilac	MI	222.365684	1	3	178
Fond du Lac	WI	222.0082909	0	13	251
Burnett	WI	221.743951	0	2	137
Terrell	TX	221.4839424	0	0	3
Gwinnett	GA	221.22555	39	807	4849
Boise	ID	220.7505519	0	2	33
Hawaii	HI	220.6256125	5	74	1184
Winchester city	VA	220.4585538	1	17	162
Dane	WI	220.2224188	9	291	2364
Barton	MO	219.9592668	1	0	84
Rush	KS	219.7112367	0	0	26
Russell	VA	219.360317	1	3	124
Milam	TX	219.3073199	2	6	145
Clare	MI	219.1762897	1	1	159
Live Oak	TX	219.0949692	0	1	84
Creek	OK	218.532709	4	16	341
Rich	UT	218.5314685	0	0	8
Walker	GA	218.4814804	0	31	518
Orange	CA	217.9900031	51	2132	11819
Harrisonburg city	VA	217.9200311	1	24	152
New Madrid	MO	217.8056085	2	3	27
Bibb	AL	217.6616915	1	8	122
Wheeler	OR	217.2338885	0	0	0
Cook	GA	216.805344	0	6	153
Kingman	KS	216.7261601	0	1	45
Canyon	ID	216.7234036	4	33	1050
Pickens	AL	216.4836864	5	1	74
Douglas	WI	216.4650124	1	22	359
Richland	IL	216.2897046	0	1	51
Dunn	ND	216.2421913	0	0	10
San Saba	TX	216.2341983	1	0	9
Polk	WI	216.211243	1	4	151
St. Bernard Parish	LA	216.1814084	0	33	133
Nevada	AR	215.9336288	0	4	61
Lebanon	PA	215.5204228	3	64	381
Colusa	CA	215.3759715	1	12	171
Anderson	KS	215.2716221	0	0	73
Pulaski	IN	215.2687015	0	1	42
Adair	MO	215.0789926	0	2	115
Big Horn	MT	214.6909983	0	1	4
Powell	MT	214.5002145	1	0	6
Isabella	MI	214.3790107	2	3	309
Simpson	KY	213.5671331	1	12	149
Runnels	TX	213.405762	0	0	45
Hale	TX	212.5041942	2	10	243
Lyon	KS	211.8770516	0	7	151
Sedgwick	CO	211.8644068	0	0	6
Dawson	MT	211.7522499	1	0	48
Middlesex	MA	211.2954517	8	757	5181
Ketchikan Gateway Borough	AK	211.2316993	0	4	31
Tyler	WV	211.2284603	0	0	46
Okanogan	WA	211.2009322	0	9	276
Thurston	WA	211.1377045	10	89	2150
Blount	AL	210.8100636	1	9	397
Clark	WA	210.6724168	7	230	2421
Grant	ND	210.3491796	0	1	11
Cumberland	IL	210.2568791	0	0	27
Piscataquis	ME	210.2312544	0	2	113
Onslow	NC	210.0205161	7	55	1321
Dent	MO	209.7902098	0	1	67
Baker	GA	209.5181084	0	0	7
Jefferson	WA	209.4693443	0	2	199
Custer	MT	209.1875157	0	0	18
Pulaski	VA	208.6533167	1	11	218
Zapata	TX	208.4781098	0	1	73
Pamlico	NC	208.4459199	0	3	57
Nowata	OK	208.4320227	0	1	53
Iosco	MI	208.4234535	0	3	202
New London	CT	208.2801386	5	99	662
Spotsylvania	VA	208.0912146	2	61	236
Washington	TX	207.9245615	1	9	175
Whatcom	WA	207.8961779	2	68	1221
Dinwiddie	VA	207.8555046	2	6	111
Brantley	GA	207.741089	1	5	229
Belknap	NH	207.7136543	0	13	359
Camden	MO	207.4688797	0	2	173
Brooks	TX	207.2682051	1	0	44
Henderson	KY	207.1331478	1	39	231
Stearns	MN	207.1114852	6	58	442
Morton	ND	206.96792	2	5	66
Crowley	CO	206.6892146	0	0	1
Ada	ID	206.5004418	3	81	1479
Lewis	WA	206.4437075	3	23	557
Oakland	MI	206.391478	33	610	4787
Marion	OH	206.357636	2	71	1283
Weber	UT	206.2728755	3	121	1307
Teller	CO	206.2298604	0	0	52
Wabash	IL	205.7436777	0	0	46
Lenawee	MI	205.6700407	4	22	335
Polk	TX	205.2849967	0	12	357
Johnson	AR	205.0607444	2	1	271
Brule	SD	204.9944092	0	0	18
Logan	CO	204.8997773	2	4	150
Roberts	SD	204.8580626	0	0	16
Pushmataha	OK	204.7538503	0	0	79
Roane	WV	204.6943231	0	0	37
Comanche	KS	204.6035806	0	0	2
Murray	OK	204.2007001	1	2	78
Schuylkill	PA	204.192758	4	34	446
Fayette	TN	204.1871285	1	11	126
Brown	IL	204.0816327	0	0	14
Amelia	VA	204.0015692	0	0	35
St. Clair	AL	203.9208416	9	20	341
Branch	MI	203.8992875	1	2	194
Lincoln	OK	203.7786382	1	2	275
Kiowa	OK	203.4043464	0	4	98
Ellsworth	KS	203.1884964	0	0	32
Montgomery	NC	203.1119655	4	6	241
Humphreys	TN	202.817519	0	0	74
Pine	MN	202.7212754	0	2	198
Titus	TX	202.5720512	0	4	272
Harrison	MS	202.5445293	10	170	2176
Greene	NY	202.2495099	0	6	213
Clay	KS	202.2364977	0	0	46
Coffey	KS	202.0922492	0	0	20
Izard	AR	201.9748654	0	1	148
Jefferson	MO	201.9006667	6	32	653
Bedford city	VA	201.7484869	0	3	21
Van Buren	IA	201.7213556	0	0	23
Hays	TX	201.6747526	4	37	799
Carroll	OH	201.5915119	0	0	80
Strafford	NH	201.4559405	2	42	479
Ravalli	MT	200.8671582	1	1	63
Greene	PA	200.856282	2	15	186
Allegan	MI	200.8335481	1	9	501
Snohomish	WA	200.8277105	16	437	5336
Catoosa	GA	200.5787693	3	18	347
Owyhee	ID	200.488145	2	0	42
McCracken	KY	200.3885396	4	50	360
Richland	OH	200.3728248	3	115	1833
McDonough	IL	200.2217841	0	2	141
Crawford	MO	199.6495946	3	1	150
Lunenburg	VA	199.5689311	0	1	44
Kenosha	WI	199.0975041	2	117	910
Swift	MN	199.0362455	0	0	40
Cochran	TX	198.938992	0	0	49
Taylor	KY	198.791026	3	18	209
White	AR	198.7691602	1	23	915
Moore	NC	198.7181587	6	41	686
Kenton	KY	198.5963407	3	153	1110
Warren	KY	198.5300329	6	81	838
Ventura	CA	198.1848932	21	617	3113
Walsh	ND	198.1268012	0	0	30
Stoddard	MO	198.1195433	1	5	174
Miami	KS	197.9594944	0	0	154
Wilson	KS	197.693575	0	1	65
Beaver	OK	197.6284585	0	0	25
Linn	IA	197.120924	4	101	1288
Archuleta	CO	196.8181073	0	1	65
Pinal	AZ	196.481315	13	114	2207
Mahaska	IA	196.2796092	0	1	121
Grays Harbor	WA	195.5598075	4	37	649
Washington	PA	195.4794771	5	91	731
Ness	KS	195.2489424	0	0	5
Mineral	NV	195.0585176	0	0	20
Bremer	IA	194.9317739	2	1	51
Gilchrist	FL	194.9087473	0	1	94
Tuolumne	CA	194.8992093	0	16	468
Otsego	MI	194.7863567	0	2	87
Muskingum	OH	194.7648156	3	55	647
Herkimer	NY	194.7616896	2	3	268
Sussex	VA	194.7502117	1	5	39
Logan	AR	194.7287383	0	1	196
Cherokee	NC	194.7240797	3	3	298
Northampton	PA	194.4688133	9	196	961
Skagit	WA	194.383904	2	46	1239
Berrien	GA	194.2461151	0	8	149
Austin	TX	194.1276389	1	5	142
Clark	KY	193.7440332	4	20	316
Cherokee	OK	193.6814045	0	6	265
Guadalupe	TX	193.4587207	2	31	601
Cleburne	AL	193.4106976	0	2	88
Fannin	TX	193.1132832	4	3	180
Braxton	WV	193.076817	0	2	39
Cumberland	VA	193.06981	0	0	22
Edgefield	SC	192.9187472	2	7	147
Macon	GA	192.7332429	1	5	103
Wright	IA	192.7227875	0	1	37
Coosa	AL	192.6959075	0	2	74
Pickens	GA	192.6717144	2	0	134
Cooper	MO	192.6673089	1	2	109
Ross	OH	192.5298421	0	35	1006
Juneau	WI	192.1121031	0	1	106
Queen Anne's	MD	191.6853886	1	8	169
Dodge	MN	191.6556096	0	2	52
Refugio	TX	191.6495551	0	2	22
Hamilton	KS	191.6443082	0	0	3
Roscommon	MI	191.5549263	0	2	130
Davidson	NC	191.5310244	0	84	1361
Dukes	MA	191.2378303	0	3	67
Marion	MS	190.9854851	1	12	255
Caribou	ID	190.9518214	0	0	10
Rabun	GA	190.9454881	1	1	136
Hillsdale	MI	190.8852303	0	2	180
Calhoun	AR	190.8032818	2	0	12
Redwood	MN	190.5487805	0	1	44
Franklin	VT	190.4998551	0	17	320
Howard	MD	190.4261606	5	178	1186
Columbia	AR	190.3658335	0	5	388
Pierce	WI	190.3553299	2	4	138
Cattaraugus	NY	190.1333469	1	17	432
Accomack	VA	190.0567153	2	15	179
Brown	SD	189.9385338	0	1	99
Rains	TX	189.7876186	0	0	53
Marin	CA	189.6541714	0	156	1253
Winnebago	WI	189.3347332	0	24	675
Koochiching	MN	189.3078904	0	0	71
Butte	ID	189.2505678	0	0	0
Floyd	IN	188.8673207	4	39	504
Falls	TX	188.6468873	1	4	70
Lincoln	NE	188.6216749	0	8	151
Sampson	NC	188.6204209	6	27	883
Crane	TX	188.5606537	0	0	13
Dawson	TX	188.26937	0	2	86
Warren	NY	188.2547408	1	9	170
Hettinger	ND	187.9699248	0	1	3
Cass	MO	187.7962262	1	21	346
Sawyer	WI	187.7308787	0	1	164
Natrona	WY	187.7168933	3	12	474
Okmulgee	OK	187.6362899	1	7	268
Franklin	MO	187.5933056	3	21	445
Wheatland	MT	187.4414246	0	0	1
Moody	SD	187.3828857	0	0	10
Lawrence	OH	187.3475782	1	20	388
Haskell	TX	187.2340426	0	0	30
Monroe	IA	187.2191712	0	0	33
White	GA	187.0705472	2	2	212
Churchill	NV	187.0091011	1	6	153
Bonneville	ID	186.9471804	0	15	423
Gallatin	MT	186.8665541	1	10	240
Campbell	KY	186.8378248	3	73	743
Marshall	AL	186.7876741	1	29	800
Van Zandt	TX	186.7342467	4	8	334
Erie	OH	186.7241742	6	35	577
Blanco	TX	186.5149678	0	0	48
Floyd	IA	186.4280388	0	1	39
Coos	OR	186.2496387	1	15	410
Menard	TX	186.2197393	0	0	2
Gooding	ID	185.6763926	0	1	133
McIntosh	OK	185.4291709	1	1	126
Montcalm	MI	185.4052769	1	7	339
Lafourche Parish	LA	185.2976601	4	31	700
Carroll	NH	185.2670583	0	12	250
Placer	CA	185.130231	2	140	1601
Norfolk	MA	185.0823347	4	280	2155
Box Elder	UT	185.0612277	0	7	188
Coryell	TX	185.0587988	3	25	397
St. Tammany Parish	LA	184.8695803	9	39	1003
Montgomery	MD	184.719434	14	878	2690
Sandusky	OH	184.6983261	0	16	353
Taos	NM	184.6526411	2	7	171
Mecklenburg	VA	184.560555	0	12	226
Valdez-Cordova Census Area	AK	184.3695585	0	0	11
Henry	GA	184.248418	5	123	1609
Cameron	PA	184.1997544	0	2	45
Lee	NC	184.1834534	4	39	418
Cherokee	IA	184.1774801	0	0	28
Lincoln	CO	184.1620626	0	0	12
Perquimans	NC	183.810014	2	7	119
Stafford	KS	183.5283322	0	0	27
Adams	NE	183.4862385	0	10	196
Lampasas	TX	182.9690436	0	2	87
Bee	TX	182.9324065	2	5	82
Routt	CO	182.8775571	1	4	55
Scott	AR	182.6484018	0	1	118
Carroll	MD	182.6167912	3	47	690
Beauregard Parish	LA	182.4867974	0	2	43
Whiteside	IL	182.4278541	0	8	248
Ward	ND	182.3797617	0	6	127
Sevier	UT	182.2367159	0	1	81
Fairbanks North Star Borough	AK	182.2055837	3	39	148
Alpena	MI	182.1869307	1	1	125
La Plata	CO	182.0433901	2	8	148
Nassau	NY	182.0069726	28	1091	2754
Union	IL	181.9939715	1	0	40
Lake	OH	181.8521951	1	102	637
Otero	CO	181.7890178	0	3	98
Jefferson	NY	181.58388	1	25	464
Lycoming	PA	181.5783613	2	81	515
Mountrail	ND	181.3139932	4	0	25
Walworth	SD	181.0282404	0	1	10
Marshall	IL	181.0252613	0	1	48
Mohave	AZ	180.7614638	12	57	1790
Menominee	MI	180.7406162	0	2	158
Upson	GA	180.6820748	1	16	269
Hamilton	TX	180.5054152	0	2	59
Phillips	KS	180.5054152	0	0	7
Clay	TN	180.0874711	0	0	42
Morgan	GA	179.9673809	0	9	104
Stanly	NC	179.7641626	0	22	537
Rogers	OK	179.6864472	0	11	313
Teton	WY	179.6299623	0	1	28
Johnston	NC	179.2467143	0	54	1508
Burke	NC	179.2034906	3	40	943
Macoupin	IL	179.1808874	0	1	141
Cayuga	NY	178.6680423	1	22	305
Kimble	TX	178.5315778	0	1	23
Sevier	AR	178.5097317	0	1	123
McIntosh	GA	178.4821875	1	4	146
Alamosa	CO	178.4285978	0	3	52
Gage	NE	178.3754116	0	2	138
Webster	MO	178.2482312	4	3	227
Douglas	MO	177.5804661	0	1	59
Barbour	AL	177.2787709	0	8	90
Henrico	VA	177.0183704	14	226	1176
Unicoi	TN	176.9715739	0	1	59
Montrose	CO	176.8476899	2	3	203
Shelby	AL	176.8047801	8	63	820
Monmouth	NJ	176.5998806	11	366	2556
Staunton city	VA	176.5913758	0	11	61
Rutland	VT	176.5035796	2	18	582
Cass	IA	176.4965436	0	0	83
Delaware	OK	176.4265171	1	0	165
La Salle	TX	176.4147103	0	1	13
Neshoba	MS	176.2293693	0	11	144
Henderson	NC	176.1913456	6	30	788
Comanche	TX	176.1726492	0	1	75
Taliaferro	GA	176.1597181	0	0	24
Montgomery	KY	176.1403251	0	19	363
Fulton	IL	176.0854014	0	5	148
Davie	NC	175.6750253	1	11	308
Fayette	IA	175.5926251	0	0	65
Coleman	TX	175.5823481	0	2	135
Dallas	MO	175.3855458	0	0	118
Audrain	MO	175.3633919	0	4	105
Washington	MO	174.7973939	1	2	142
Noble	OK	174.7335314	0	0	52
Grand Traverse	MI	174.4696456	0	9	227
Kosciusko	IN	174.4417224	2	6	179
Eaton	MI	174.4379223	1	36	411
Hopkins	TX	174.3286939	0	3	104
Palo Alto	IA	174.1970604	0	0	53
Guernsey	OH	174.0841659	3	16	286
Wheeler	TX	173.882803	0	0	14
Millard	UT	173.748223	0	0	52
Oneida	WI	173.7229959	0	0	148
Columbia	WA	173.6111111	1	0	47
Christian	MO	173.0552912	0	9	312
Bulloch	GA	172.7188474	4	61	514
Iowa	WI	172.638848	0	2	62
Towner	ND	172.6370306	0	0	10
Hall	GA	172.5745027	7	96	923
Wise	VA	172.4605189	4	12	235
Fayette	IL	172.2574796	0	0	91
Jersey	IL	172.2538757	0	0	80
Kandiyohi	MN	172.1292148	0	8	156
Deaf Smith	TX	172.0811389	0	6	98
Montgomery	PA	171.7185146	11	509	2325
White	IN	171.6668029	3	6	36
Ottawa	MI	171.6165324	2	38	1169
Caldwell	KY	171.5667161	0	3	113
Eagle	CO	171.5592833	2	4	116
Washita	OK	171.2622024	0	0	55
Burnet	TX	171.1430071	0	8	213
Newport	RI	171.1227351	1	20	452
Huntingdon	PA	170.7007485	1	2	149
Charlotte	VA	170.6623324	1	3	48
Harper	KS	170.6484642	0	0	21
Monroe	WV	170.5851813	0	3	39
Costilla	CO	170.5514497	0	0	8
La Crosse	WI	170.5037142	4	43	650
Montgomery	TX	170.4942731	12	221	2349
Stutsman	ND	170.4545455	0	0	91
Beaver	UT	170.3050008	0	0	12
Emmet	IA	170.0680272	0	1	49
Brown	KS	170.0510153	1	0	43
Sheboygan	WI	169.6803049	5	23	408
Prairie	MT	169.6352841	0	0	0
Halifax	VA	169.4867377	0	11	242
Martin	TX	169.4277108	0	0	14
Carter	TN	169.1722767	4	7	435
Perry	IL	169.0501211	0	0	62
Daviess	KY	169.0117901	1	50	669
Boulder	CO	169.0060894	0	97	1106
Lincoln	MO	168.956554	0	7	172
Olmsted	MN	168.8713763	3	55	644
Columbia	NY	168.6936684	0	18	262
Lavaca	TX	168.5307186	0	1	130
Washington	UT	168.4709066	3	30	516
Randolph	MO	168.40417	0	8	122
Bartholomew	IN	168.369206	1	25	382
Kennebec	ME	168.3668416	3	44	849
Kenai Peninsula Borough	AK	167.9878209	0	4	61
Tazewell	VA	167.7890393	2	7	288
Pocahontas	IA	167.7383282	0	0	23
Stanley	SD	167.72895	0	0	18
Will	IL	167.6847351	21	249	2416
Phillips	MT	167.5041876	0	0	3
Virginia Beach city	VA	167.4548864	21	327	1574
Duchesne	UT	167.4217057	0	0	96
Forrest	MS	167.4041968	4	67	486
Grainger	TN	167.3861334	0	2	105
Oscoda	MI	167.0843776	1	0	86
Orange	IN	166.8942497	0	2	60
Medina	TX	166.6701829	1	4	134
Stark	ND	166.5957748	0	3	29
Middlesex	NJ	166.3612488	13	585	3156
Baylor	TX	166.0210293	0	0	11
Lancaster	PA	165.9743202	15	331	1723
Tuscola	MI	165.8588725	0	2	227
Karnes	TX	165.7715006	2	1	98
Boyd	KY	165.6916091	1	33	374
Plaquemines Parish	LA	165.6050955	0	3	124
Randolph	NC	165.5245937	9	52	1210
Coweta	GA	165.1899685	2	54	609
Atchison	MO	165.1679207	0	0	15
Northampton	VA	164.9484536	0	7	76
Nottoway	VA	164.8386483	2	5	54
Lyon	MN	164.7898929	0	0	138
Perry	PA	164.6108599	0	9	174
Alexandria city	VA	164.5488005	0	139	284
LaPorte	IN	164.4485582	3	72	827
Carroll	MO	164.3475403	2	0	25
McClain	OK	164.3340363	0	10	322
Lake	CO	164.2485628	0	1	12
Acadia Parish	LA	163.9765931	4	20	162
Marquette	MI	163.9586411	2	2	188
Seneca	NY	163.8001638	0	3	119
Madison	KY	163.5705106	1	60	833
Franklin	GA	163.5694489	0	6	133
Langlade	WI	163.4738186	0	0	174
Jessamine	KY	163.4345166	2	30	536
Fremont	WY	163.422606	2	3	127
Miller	MO	163.3986928	0	1	190
Chattooga	GA	163.0996897	0	0	144
Texas	OK	163.0360944	0	6	77
Kane	IL	162.8972411	6	189	1601
Bryan	GA	162.8615375	0	8	122
Appling	GA	162.6898048	1	3	147
Oswego	NY	162.5882062	0	26	774
Montgomery	IN	162.4014459	1	6	275
McDowell	NC	162.3629368	0	9	488
Chester	PA	162.3261912	14	174	1423
Johnson	WY	162.2624015	1	0	13
Searcy	AR	162.0341518	1	0	19
Dubuque	IA	161.9695497	2	23	748
Shelby	MO	161.8908855	0	0	12
Gem	ID	161.8122977	0	0	41
Okfuskee	OK	161.5900461	1	0	126
Denton	TX	161.4985751	10	331	3084
Atascosa	TX	161.3827957	3	8	372
Outagamie	WI	161.3573983	1	31	419
Oktibbeha	MS	161.0831311	6	17	344
Buchanan	VA	161.03742	1	4	117
Jasper	IA	161.0218062	1	1	198
Baraga	MI	161.0120759	0	0	16
Beckham	OK	160.7649025	1	1	125
Daviess	IN	160.4591601	0	2	215
Nassau	FL	159.8203672	1	21	412
Crow Wing	MN	159.7899	1	4	313
Caldwell	NC	159.7755824	2	32	830
Eau Claire	WI	159.7034642	4	18	445
Delaware	IA	159.6897456	2	1	26
Roanoke	VA	159.3173945	2	14	317
Fairfield	OH	159.2025096	4	108	951
Ritchie	WV	158.8404646	0	1	30
Summit	UT	158.4991945	0	8	89
Gloucester	NJ	158.4758755	7	172	1768
Lapeer	MI	158.39075	0	6	273
Dade	MO	158.3531275	0	0	42
Jackson	IA	158.2682391	0	1	111
Piatt	IL	158.2182194	0	1	66
Ontonagon	MI	158.1777918	0	0	22
Steuben	NY	158.1348201	0	15	348
Buckingham	VA	157.5630252	0	4	210
Alger	MI	157.5299307	1	1	32
Valley	MT	157.2739187	0	0	9
Washington	OR	157.1182495	10	219	1652
Chippewa	MN	157.1156868	1	0	12
Borden	TX	156.9858713	0	0	3
Ferry	WA	156.9448077	0	0	15
Lincoln	WI	156.8818854	0	0	170
Chelan	WA	156.826693	1	17	466
Madison	GA	156.8236091	0	7	193
Foard	TX	156.6170713	0	0	1
Bleckley	GA	156.6048078	0	5	105
Mifflin	PA	156.5985928	0	4	138
Long	GA	156.400385	1	3	154
Iron	MI	156.3042723	0	0	65
Fayette	OH	156.25	0	16	365
Trinity	CA	156.1570494	4	1	81
Liberty	FL	155.7072703	1	0	22
Barry	MI	155.6762611	0	2	172
Greenwood	KS	155.6662516	1	0	31
Bolivar	MS	155.6580223	0	30	141
Chatham	NC	155.6490115	1	18	504
Westmoreland	PA	155.6132514	6	118	1000
Fisher	TX	155.6016598	0	0	34
Bennington	VT	155.4870564	0	4	277
West Feliciana Parish	LA	155.4001554	0	2	38
Pitkin	CO	155.3599171	0	1	26
Nez Perce	ID	155.3300764	0	10	324
Rutherford	NC	155.3258857	1	14	863
Rockland	NY	155.1870815	2	144	540
Arenac	MI	154.9686834	0	2	74
Talbot	GA	154.8946716	1	3	29
Meagher	MT	154.8786784	0	0	2
Summers	WV	154.8330015	0	4	102
Genesee	NY	154.7414808	0	8	266
Ulster	NY	154.697842	1	38	731
Johnston	OK	154.6860783	1	0	17
Prowers	CO	154.5846554	0	2	61
Rawlins	KS	154.4998069	0	1	8
Hall	TX	154.3686323	0	0	17
Haines Borough	AK	154.3209877	0	0	2
Grady	GA	154.2843579	0	5	130
Antrim	MI	154.0436457	0	0	95
Dixon	NE	153.8198599	0	0	26
Monona	IA	153.4919417	0	2	24
Hardin	TX	153.382536	3	12	192
Twiggs	GA	153.2838109	0	4	59
Clarion	PA	153.2371345	2	3	137
Houston	TX	152.7650474	1	1	131
Delta	TX	152.7300496	0	1	66
Rio Grande	CO	152.5036008	2	5	72
Oceana	MI	152.4099829	3	3	149
Moniteau	MO	152.4003048	0	6	63
Bertie	NC	152.3790798	0	8	120
Santa Rosa	FL	152.0832299	0	27	597
Limestone	AL	151.9500253	4	25	398
Orange	NC	151.7612859	5	60	1056
Currituck	NC	151.6642072	0	2	114
Spink	SD	151.2859304	0	0	7
Sullivan	NH	151.2190583	2	2	168
Lake	IL	151.0627736	6	266	2474
Union	IA	150.9973774	0	0	43
DeSoto	MS	150.9747979	2	57	932
Burlington	NJ	150.8302317	2	247	1938
Lincoln	ID	150.5174036	0	1	9
Montgomery	MO	150.4387798	0	1	51
Paulding	GA	150.3912896	1	32	687
McLeod	MN	150.3424467	1	1	97
Kerr	TX	150.1411327	2	8	221
Jay	IN	150.0234412	0	4	52
Marshall	KS	149.970006	0	0	44
Latah	ID	149.692736	0	4	164
Jackson	KS	149.6333982	0	0	64
Johnson	KS	149.2239824	8	126	1534
Orleans	NY	149.1653842	0	9	192
Simpson	MS	149.0909091	0	5	133
Jackson	GA	149.0727999	0	9	242
Grant	IN	149.0032694	3	51	392
Southampton	VA	148.940865	0	4	94
Judith Basin	MT	148.8095238	0	0	0
McPherson	KS	148.8044912	1	2	313
Pennington	MN	148.7462813	1	1	42
Culpeper	VA	148.4352451	1	14	103
Concho	TX	148.40465	0	0	4
Shelby	OH	148.3981135	0	18	362
Union	OR	148.1365975	0	2	188
Bingham	ID	147.9355266	0	5	212
Dickinson	KS	147.8912744	0	1	158
Brazoria	TX	147.7704229	8	91	1551
Todd	MN	147.6499057	0	1	89
Gasconade	MO	147.6410979	0	1	74
Collin	TX	147.640674	11	394	3489
Marion	IA	147.3595573	0	0	73
Pend Oreille	WA	147.3325062	3	1	162
Young	TX	147.2111662	0	1	130
Iowa	IA	146.9687691	0	1	40
Grant	WI	146.8601304	0	1	172
Prince William	VA	146.8375211	2	214	944
Perry	MO	146.8120805	0	2	64
Jefferson	PA	146.7775653	1	6	140
Chittenden	VT	146.6946682	1	32	1013
Washburn	WI	146.627566	0	0	63
Brunswick	NC	146.5728831	1	25	1341
Jackson	CO	146.5201465	0	0	2
Columbia	WI	146.505922	0	3	224
Fulton	AR	146.2938882	0	1	34
Wise	TX	146.047687	1	7	235
Bradford	PA	146.0299121	0	5	284
Columbia	OR	145.9143969	0	6	177
Transylvania	NC	145.8833541	0	8	176
Greer	OK	145.8434614	0	1	10
Gibson	IN	145.7812686	0	2	84
Cassia	ID	145.7288586	2	1	70
Charlevoix	MI	145.4322783	0	0	60
Smyth	VA	145.3304688	2	7	131
Madison	TX	145.1273492	0	5	58
Logan	KY	145.1108796	1	8	156
Colfax	NM	145.1046281	0	3	168
Grundy	MO	144.8575567	1	0	69
Sabine	TX	144.7736705	0	5	40
Mason	KY	144.6926728	0	5	139
Dallas	IA	144.6925952	1	3	193
Monroe	GA	144.5300919	0	6	126
San Juan	CO	144.5086705	0	0	4
Caledonia	VT	144.4298232	1	6	256
Hot Springs	WY	144.4192284	0	0	14
Jefferson Davis Parish	LA	143.7653749	0	11	97
Erath	TX	143.7288819	0	3	217
York	ME	143.4079957	6	54	1025
Umatilla	OR	143.3785193	4	18	569
Choctaw	MS	143.3520487	0	0	20
Williamson	TX	143.0955343	3	126	1402
Greensville	VA	143.025408	0	0	35
Ellis	TX	142.9707134	6	44	722
Potter	PA	142.8816369	1	0	89
Morgan	WV	142.8734713	0	1	96
Story	IA	142.847867	0	8	449
Jo Daviess	IL	142.8125139	0	0	56
Benton	MN	142.8061407	0	8	121
Lemhi	ID	142.6348548	0	0	16
Stafford	VA	142.5563646	1	41	227
Power	ID	142.5055059	0	0	14
Pontotoc	MS	142.4086481	1	4	181
Island	WA	142.130176	1	5	520
Goodhue	MN	142.0454545	0	6	203
Sumter	FL	141.9817666	0	17	321
Saline	MO	141.9232754	1	3	111
Wabaunsee	KS	141.8238548	0	0	13
Louisa	IA	141.8188264	0	0	35
Rock	NE	141.7434444	0	0	2
Hopkins	KY	141.5276408	2	13	269
Wasco	OR	141.3039212	2	11	161
Androscoggin	ME	141.2586893	0	63	767
Morrow	OR	141.1432604	1	1	80
Johnson	MO	141.097999	2	9	280
Suffolk	NY	141.0913106	23	745	4349
Fulton	KY	140.9553641	0	4	36
Habersham	GA	140.8775982	0	1	269
Chautauqua	KS	140.7657658	0	0	19
Charles Mix	SD	140.6774159	1	0	29
Stephens	TX	140.586136	0	0	41
Gratiot	MI	140.5833016	0	1	121
Bailey	TX	140.5678943	1	1	77
Kiowa	CO	140.5481377	0	0	0
Harrison	KY	140.4039313	0	9	161
Franklin	PA	140.0532597	5	47	494
Clearwater	ID	139.9090591	0	0	43
Orleans	VT	139.8652876	0	0	174
Bell	KY	139.8601399	0	22	167
Boone	KY	139.8241751	3	64	627
Burleson	TX	139.7868251	1	2	61
Aitkin	MN	139.7535256	0	2	181
Scioto	OH	139.4700139	0	49	770
St. John the Baptist Parish	LA	139.3935239	8	26	423
Sauk	WI	139.3242773	1	7	225
Towns	GA	139.2628354	0	1	38
Latimer	OK	139.2111369	0	0	22
Lee	VA	138.9716101	1	11	115
Graves	KY	138.8480948	6	7	215
Woodford	KY	138.4767557	0	7	186
Wayne	NY	138.4187817	1	17	431
Archer	TX	138.2329225	0	0	27
St. Charles	MO	138.1544599	4	65	825
Bureau	IL	138.0079868	0	3	140
Anoka	MN	137.8359752	1	88	1265
Val Verde	TX	137.7948707	1	10	207
Hardin	IA	137.6067886	0	1	68
Ontario	NY	137.4847621	2	22	434
Isle of Wight	VA	137.4242764	4	11	106
Allegany	NY	137.1884679	2	3	217
Cheshire	NH	137.0578253	0	18	220
Lorain	OH	137.0419414	5	175	2196
Delaware	NY	136.9804375	1	7	175
Benton	IN	136.8769248	0	0	16
Clark	KS	136.7989056	0	0	13
Cass	MI	136.7751878	3	2	350
Greene	NC	136.5862849	0	3	202
Idaho	ID	136.5103003	0	0	48
Manitowoc	WI	136.3850522	0	14	252
Coal	OK	136.3558889	0	0	22
Red River	TX	136.3271852	0	3	105
Hale	AL	136.3105284	0	2	66
Calhoun	FL	136.2212233	0	0	33
Bollinger	MO	136.1088871	1	0	42
Reeves	TX	136.0544218	2	3	44
Charlton	GA	135.7978121	0	1	45
Baca	CO	135.7957632	0	0	2
Arlington	VA	135.6122113	5	118	288
Darke	OH	135.558271	0	12	338
Avery	NC	135.4937052	0	1	61
Rice	MN	135.2826331	0	18	248
Clay	MN	135.1774616	0	5	191
Douglas	OR	134.6549467	1	37	658
Pike	IN	134.0376882	1	0	37
Goliad	TX	133.9584729	0	2	39
Walthall	MS	133.949501	1	2	83
Dunn	WI	133.7201396	0	1	126
Roger Mills	OK	133.5826877	0	1	3
Washington	ME	133.5818577	0	1	245
Lamar	AL	133.4644563	0	2	32
Love	OK	133.4428249	0	1	29
Ohio	KY	133.4000334	3	1	132
Montague	TX	133.3128237	0	2	109
Sitka City and Borough	AK	133.037694	0	1	17
Otsego	NY	132.9377624	0	14	195
Trigg	KY	132.9322046	0	2	55
Cumberland	ME	132.7700241	1	137	1332
Knox	TX	132.7316167	0	0	7
Ionia	MI	132.6611833	1	2	235
Carlton	MN	132.5437112	1	3	132
Lawrence	SD	132.4769169	0	0	66
Alcona	MI	132.3501607	0	0	73
Itawamba	MS	132.2864214	1	2	76
Vermillion	IN	132.2584708	0	1	53
Rio Blanco	CO	132.2168356	0	1	15
McCulloch	TX	132.0528211	0	0	57
Trinity	TX	132.0086153	1	1	71
Sanders	MT	132.0073924	2	0	16
Somerset	PA	131.9916362	2	8	209
Rusk	WI	131.9902744	0	1	40
Lincoln	NC	131.6779533	3	16	649
Williamsburg city	VA	131.5270288	0	8	37
Chippewa	WI	131.4705696	0	7	242
Holt	MO	131.3485114	0	0	37
Osborne	KS	130.9586171	0	0	23
Cortland	NY	130.6762496	1	19	249
Griggs	ND	130.6620209	0	0	3
Clinton	MI	130.3118362	1	16	240
Clark	MO	130.2460203	0	0	16
Manassas Park city	VA	130.0390117	0	1	20
Watauga	NC	129.8403727	1	6	201
Ramsey	ND	129.8251688	0	2	64
Washington	VT	129.8066387	1	9	358
Lee	AR	129.8052921	0	6	87
Moffat	CO	129.7412806	1	0	47
Williamson	TN	129.7127717	2	28	372
Merrimack	NH	129.384606	0	33	431
Highland	OH	129.333241	0	5	326
Lawrence	AR	129.3280818	0	1	64
Nelson	ND	129.2407108	0	0	11
Tucker	WV	129.1618829	0	0	13
Summit	CO	129.1493595	1	2	68
Calumet	WI	128.9880485	0	7	102
Shelby	KY	128.9126108	2	20	320
Pondera	MT	128.8037353	0	0	1
Campbell	WY	128.6947858	0	4	202
Hood	TX	128.5322748	1	3	171
Dawson	NE	128.0621308	0	0	104
Venango	PA	127.9982192	3	5	125
Nemaha	KS	127.9401634	0	0	23
Franklin	ME	127.889818	0	4	151
Huntington	IN	127.7486342	0	7	98
Susquehanna	PA	127.7018399	2	16	210
Lewis	WV	127.6440554	0	0	39
Wallace	KS	127.4697259	0	0	0
Calloway	KY	127.4663409	3	11	327
Frio	TX	127.3180183	0	4	146
Columbia	PA	127.2512239	3	9	306
Prince Edward	VA	127.1818262	1	6	81
Calvert	MD	127.0942929	2	22	400
San Juan	UT	126.8950778	0	1	41
Howard	MO	126.7427123	0	0	16
Emmet	MI	126.7350634	0	0	78
Clinton	IL	126.6256892	0	3	63
Wheeler	GA	126.4382349	0	1	23
Yamhill	OR	126.0858774	4	22	546
Ida	IA	126.0327685	0	0	39
Chesterfield	VA	126.0126013	10	149	1679
Page	VA	125.9392973	2	7	112
Somerset	ME	125.7107492	1	14	406
Decatur	IN	125.5851125	0	1	8
Bayfield	WI	125.3628926	0	0	142
Big Horn	WY	125.0625313	0	1	16
Randolph	GA	125.052105	0	2	39
Las Animas	CO	124.6019659	0	7	41
Iberia Parish	LA	124.5296299	0	69	583
Huron	MI	124.1310824	0	0	120
Irion	TX	124.0694789	0	0	16
Sullivan	MO	124.0694789	0	0	29
Park	CO	124.0617828	0	0	27
Dewey	OK	123.8645747	0	0	15
York	VA	123.7380978	0	15	129
Pike	PA	123.6945804	0	17	429
Kent	RI	123.6101433	3	38	693
Jackson	TX	123.3637174	0	0	47
Kendall	IL	123.1692194	2	14	297
Wood	TX	122.9140075	1	3	268
Caroline	VA	122.8752816	1	7	90
Fulton	PA	122.6993865	0	1	54
Clinton	PA	122.6410372	0	2	143
Christian	IL	122.4561199	0	0	83
Henry	IL	122.3425592	0	0	98
Yoakum	TX	122.1896383	1	4	55
Garfield	CO	122.159785	1	4	178
Marshall	KY	122.1589996	0	5	180
Washington	NY	122.0420649	6	7	233
Wilkin	MN	122.0070154	0	2	30
Morris	KS	121.9299774	0	0	55
Jefferson	WI	121.8805098	1	3	256
Marathon	WI	121.8467537	2	24	485
Tyrrell	NC	121.6841081	0	2	10
Montgomery	VA	121.6127725	0	16	341
Grafton	NH	121.6124246	0	14	302
Midland	MI	121.5457763	2	7	208
Essex	NY	121.2527733	1	4	138
Livingston	MO	121.0409522	0	2	87
Louisa	VA	120.7836206	1	2	83
Wyoming	NY	120.3919963	0	6	76
Nodaway	MO	120.3731568	1	4	67
Lincoln	ME	120.2769303	1	4	180
Wayne	PA	120.2762474	2	6	263
Whitley	KY	120.2259129	2	10	231
Washington	VA	120.2032528	2	4	241
Ballard	KY	120.0192031	0	0	47
Evans	GA	120.0036924	0	3	53
Ellis	OK	119.9040767	0	0	10
Patrick	VA	119.7735192	0	5	66
Alfalfa	OK	119.7195143	0	0	13
Baxter	AR	119.6376688	3	3	215
Sublette	WY	119.510009	0	0	22
Dakota	NE	119.3488328	0	5	57
Worth	IA	119.3475666	0	0	45
Hood River	OR	119.0738699	0	3	37
Grant	WV	119.057743	0	0	26
Clay	WV	118.9961056	1	1	23
Pulaski	KY	118.9228097	3	21	500
Clarke	VA	118.4834123	0	0	42
Callahan	TX	118.2994455	0	2	42
Minidoka	ID	118.2732111	0	3	100
Niobrara	WY	118.0637544	0	0	1
Rockingham	NH	118.0073144	7	43	925
Seminole	OK	117.9894596	2	4	271
Hand	SD	117.959304	0	0	3
Schley	GA	117.9013559	0	0	16
Linn	OR	117.8798468	0	42	708
Camden	NC	117.7971925	0	2	40
Augusta	VA	117.7075441	2	2	132
Campbell	VA	117.6790079	2	8	176
Albany	WY	117.5778954	1	2	118
Walworth	WI	117.5384914	1	12	287
Oconee	GA	117.5260761	0	4	61
Dakota	MN	117.5004712	2	91	1293
Wetzel	WV	117.2549988	0	1	62
Major	OK	117.1417415	0	0	46
Shenandoah	VA	117.1399119	0	6	187
Bullitt	KY	117.1051604	1	24	531
Winston	MS	117.0960187	1	4	37
Pacific	WA	117.0845936	0	1	332
Meeker	MN	116.7870583	0	1	87
Custer	CO	116.6861144	0	0	13
Wilkinson	GA	116.6242578	0	1	50
Greene	OH	116.4187152	3	63	829
Starke	IN	116.3943613	0	0	34
Freeborn	MN	116.3241567	0	1	86
Miami	IN	116.2147205	0	6	108
Jefferson	WV	116.2093948	0	11	151
Barren	KY	116.2061031	1	6	159
Hancock	OH	116.1363546	0	21	382
Fremont	ID	116.0362033	0	0	27
Nobles	MN	115.6497201	0	3	56
Sherman	OR	115.5401502	0	0	6
Hardin	KY	115.5364125	2	43	415
Chickasaw	MS	115.5334758	1	4	30
Skamania	WA	115.3095618	0	0	37
Waseca	MN	115.1953084	0	3	80
Craig	VA	115.1631478	0	0	2
Chenango	NY	115.1445367	0	9	180
Montgomery	IA	115.1189563	0	0	57
Klickitat	WA	115.0196492	0	1	95
Bourbon	KY	115.0115012	1	5	137
Cerro Gordo	IA	114.7446931	2	3	433
Marshall	IN	114.6277781	1	6	128
Parker	TX	114.4805548	3	15	621
Harrison	MO	114.4033863	2	0	23
Mason	WV	114.2815011	3	4	80
Montgomery	NY	114.2353248	4	12	227
Lincoln	AR	114.0332122	0	3	76
Franklin	IA	113.7656428	0	0	26
Schuyler	NY	113.75948	1	1	40
Oxford	ME	113.4835973	0	7	435
Santa Cruz	AZ	113.3253507	1	13	191
Harris	GA	113.278021	0	2	82
Butler	PA	113.2221959	3	48	440
Tioga	PA	113.0395874	0	1	221
Stevens	MN	112.9943503	0	1	20
Missaukee	MI	112.9493057	2	0	67
Jefferson	MT	112.9256428	0	0	13
New Kent	VA	112.7800277	0	1	107
Faribault	MN	112.747516	1	0	55
Kittitas	WA	112.5344188	0	6	275
Douglas	NV	112.4835519	1	6	144
Windsor	VT	112.3655626	2	5	383
Adams	WI	112.3046875	0	6	225
Adams	PA	112.2643925	6	7	263
Nelson	KY	112.2586439	1	13	249
Macon	NC	112.2367605	1	6	215
Pickaway	OH	111.8925831	1	19	725
Nemaha	NE	111.7786782	0	0	10
Daniels	MT	111.6694584	0	0	0
Bandera	TX	111.6450658	0	0	45
Hanover	VA	111.5168262	5	21	111
Cheyenne	KS	111.3585746	0	0	4
Carter	MO	111.2700684	0	0	11
Cabarrus	NC	111.0956812	6	81	1035
Alexander	NC	111.0208503	2	7	371
Gaines	TX	110.9877913	2	2	59
Waushara	WI	110.9786674	0	2	85
Benton	OR	110.8660253	1	18	322
St. Lawrence	NY	110.7508731	0	11	486
Martin	KY	110.6981893	0	2	40
Buffalo	NE	110.6633537	1	4	166
Parmer	TX	110.3863522	0	1	29
Dawes	NE	110.0352113	0	2	18
Rice	KS	109.879133	0	1	45
Frederick	VA	109.445517	2	11	301
Madison	NC	109.4091904	3	3	123
Scott	MN	109.3039524	0	16	302
Sac	IA	109.224506	0	2	25
Tripp	SD	109.1305929	0	0	7
Sweet Grass	MT	109.0215318	0	0	6
Waupaca	WI	109.0178828	0	5	237
Cheboygan	MI	108.8393065	0	1	105
Cedar	IA	108.7370195	0	0	5
Sherburne	MN	108.6980634	0	10	228
Wadena	MN	108.6641553	0	0	32
Kendall	TX	108.563258	1	4	118
Phelps	NE	108.5422772	0	0	16
Gove	KS	108.3423619	1	0	8
Franklin	VA	108.2808201	0	5	169
Washington	IN	107.9913607	0	1	5
Westmoreland	VA	107.8809902	1	0	38
Watonwan	MN	107.748945	0	0	24
Logan	OH	107.7372969	0	7	409
Brewster	TX	107.6889942	0	0	34
Turner	SD	107.6426265	0	0	23
Poquoson city	VA	107.4025116	0	2	25
Whitman	WA	107.3652566	1	6	186
Clarke	IA	107.2386059	0	0	34
Barnes	ND	107.2386059	0	0	37
Gogebic	MI	106.8107565	1	0	32
Clinton	NY	106.6294077	0	6	274
Jackson	WI	106.5684945	0	3	59
Coos	NH	106.2599619	2	6	97
Gallatin	KY	106.2072221	0	1	60
Cheyenne	CO	105.8201058	0	0	3
Grayson	VA	105.5339358	1	1	35
Vinton	OH	105.4534498	2	2	141
Clay	MO	105.4353438	8	32	526
Brooke	WV	105.3208072	0	3	95
Hoke	NC	105.2180352	0	23	503
Alleghany	VA	105.1915104	1	1	67
Portage	WI	105.1435067	0	4	222
Porter	IN	105.0691355	5	19	561
Delta	CO	104.9765443	0	5	98
Effingham	IL	104.9348529	0	2	89
Lynn	TX	104.8401188	0	0	29
McHenry	IL	104.7464453	1	37	596
Madison	MO	104.5772665	0	1	30
Wayne	MO	104.4464339	0	0	51
Ocean	NJ	104.2141601	4	158	2659
Bristol Bay Borough	AK	104.1666667	0	0	5
Clackamas	OR	104.0531804	9	133	1603
Saline	NE	104.0510544	0	2	89
Albemarle	VA	103.8834951	4	18	294
Gilmer	WV	103.7822878	0	0	8
Republic	KS	103.7344398	0	0	11
Lincoln	MS	103.4185579	2	8	154
LaSalle	IL	103.4024763	0	14	424
Lafayette	MO	103.2085724	2	2	173
Ashe	NC	103.1269567	0	1	221
Lincoln	MN	102.915952	0	0	4
Chouteau	MT	102.5816379	0	0	1
Monroe	MO	102.5757921	0	0	24
Hodgeman	KS	102.5641026	0	0	18
Bucks	PA	102.396264	6	216	2121
Tipton	IN	102.2364217	0	0	97
Wythe	VA	102.2355507	0	6	23
Rockwall	TX	102.0587718	1	6	261
Monroe	WI	101.5497373	0	3	175
Nelson	VA	101.4267361	0	1	75
Boundary	ID	101.3544642	0	0	78
Stevens	WA	101.3124568	0	1	316
Sioux	IA	101.3112571	0	1	61
Wilson	TX	101.2814303	3	3	143
Greene	VA	101.0423314	0	0	31
Bonner	ID	100.7395759	2	2	295
Platte	MO	100.7394706	2	5	143
Otter Tail	MN	100.7276706	1	3	252
Fayette	TX	100.7211635	1	3	90
Barron	WI	100.7093441	1	6	147
Trego	KS	100.6711409	0	0	8
Carroll	KY	100.4291062	1	0	56
Randolph	IL	100.3344482	0	2	62
Grant	MN	100.1836701	0	0	37
Chase	NE	100.0	0	0	5
Wyoming	PA	99.98928686	0	1	99
Red Willow	NE	99.94548428	0	1	50
Gray	KS	99.85022466	0	0	26
Castro	TX	99.626401	0	1	72
Norton city	VA	99.57679861	0	0	10
James City	VA	99.26825118	1	14	152
Logan	OK	99.05002026	0	4	231
Douglas	WA	98.80671886	1	7	260
Franklin	NY	98.6689367	1	5	201
Stephenson	IL	98.41677364	2	15	283
Pickett	TN	98.23182711	0	0	11
King and Queen	VA	98.17671809	0	0	13
Hendricks	IN	98.12904945	0	20	222
Martin	MN	97.93360102	0	1	49
Centre	PA	97.81020958	1	27	355
Lee	IL	97.53858512	2	2	158
Texas	MO	97.51911375	1	0	156
Pembina	ND	97.47945969	0	0	15
Scott	VA	97.17314488	0	3	105
Fulton	NY	97.09449309	0	12	302
Armstrong	PA	96.90633856	0	9	177
Choctaw	AL	96.82705199	1	0	38
Rosebud	MT	96.47336263	0	1	6
Perry	KY	96.39414495	0	8	92
Grayson	KY	96.16494211	0	1	141
Henry	OH	96.11277232	2	3	171
Mellette	SD	96.10764056	0	0	6
Adair	KY	96.09224856	0	5	47
Pendleton	KY	96.08785175	0	3	81
Todd	KY	95.97696553	0	3	71
Camas	ID	95.96928983	0	0	3
Apache	AZ	95.92126116	1	3	159
Doddridge	WV	95.87727709	0	0	12
Worth	MO	95.6937799	0	0	15
Warren	VA	95.60970568	0	6	101
Prairie	AR	95.53379508	1	0	17
Craig	OK	95.41984733	1	0	45
Coahoma	MS	95.30617107	0	5	731
Oldham	TX	95.14747859	0	0	4
Gloucester	VA	95.0209046	2	6	103
Montgomery	MS	94.75978395	0	0	8
Gallia	OH	94.70624735	2	10	323
Cass	NE	94.64842055	0	1	67
DuPage	IL	94.62240083	6	259	2222
Ashtabula	OH	94.17799641	2	17	507
Schuyler	IL	94.0354648	0	0	7
Allen Parish	LA	93.98128206	0	2	57
Sheridan	WY	93.88412017	1	2	108
Nicollet	MN	93.84838944	0	4	79
Sharp	AR	93.84714646	0	1	73
Franklin	TX	93.80863039	0	1	45
Mercer	KY	93.68120287	0	7	118
Clay	KY	93.61542782	0	3	44
Atoka	OK	93.53863865	1	0	116
Preble	OH	93.45346497	2	1	271
Jackson	SD	93.28358209	0	0	5
Bergen	NJ	93.26422631	7	301	2068
Steele	MN	93.24009324	0	1	118
Attala	MS	93.18217114	1	4	57
Mercer	ND	93.10986965	1	0	27
Douglas	MN	93.03598303	1	3	116
Crawford	PA	92.70280168	1	16	413
Madison	MS	92.61841214	3	19	239
Greenbrier	WV	92.58220177	4	0	95
King George	VA	92.27312846	0	3	58
Hubbard	MN	91.97405364	0	0	117
Presque Isle	MI	91.86954525	0	0	48
Kearney	NE	91.63103238	0	0	33
Cherokee	GA	91.51244303	3	32	774
Edmonson	KY	91.19548997	0	1	60
Yancey	NC	91.08505067	1	1	88
Clay	AR	90.89728607	0	1	93
Madison	MT	90.76763485	0	0	4
Davis	UT	90.6567648	2	21	987
Penobscot	ME	90.6340471	8	61	912
Dodge	NE	90.37381898	0	1	134
Northumberland	VA	90.16393443	1	0	9
Effingham	GA	89.98090201	1	10	193
Mathews	VA	89.91794987	0	0	19
Jefferson	OR	89.85575786	1	6	113
Marion	KY	89.7979546	0	1	99
Rockbridge	VA	89.6579549	0	2	121
Washington	WI	89.64961315	2	21	309
Leon	TX	89.59503046	1	1	94
Real	TX	89.55223881	2	0	3
Orange	VA	89.36550492	1	4	56
Jefferson	IA	89.23259964	1	1	76
Cheyenne	NE	89.18838569	2	0	16
Laurel	KY	88.98141464	3	20	329
Norton	KS	88.93632159	0	0	16
Shawano	WI	88.85046707	1	1	239
Falls Church city	VA	88.83624519	1	7	14
Jeff Davis	TX	88.77052818	0	1	4
Giles	VA	88.62629247	0	0	45
Jackson	OH	88.46048257	1	5	229
Livingston	MI	88.37418606	1	14	428
Defiance	OH	88.23834735	0	4	142
Morgan	CO	88.01577243	0	3	94
Botetourt	VA	87.87346221	0	1	75
Hamilton	NE	87.79631255	0	0	65
Fall River	SD	87.73212458	0	0	8
Fairfax city	VA	87.59854837	0	7	24
Lincoln	WA	87.37015824	0	0	56
Dickens	TX	87.29812309	0	0	9
Morgan	OH	87.22490607	0	0	50
Traverse	MN	87.08272859	0	0	8
Carroll	VA	87.00599003	0	3	90
King William	VA	86.97272784	0	0	39
Hughes	OK	86.81183535	0	3	50
Wood	OH	86.64438668	1	19	464
Union	KY	86.49943443	0	0	47
Champaign	OH	86.17412242	1	4	229
Keith	NE	86.10086101	0	3	15
Butler	KY	85.98452279	0	2	44
Prince George	VA	85.89912222	0	8	91
Richland	ND	85.68455842	0	1	54
Bledsoe	TN	85.66311035	0	1	22
Livingston	KY	85.47921787	0	0	34
Forsyth	GA	85.46352447	0	10	395
Meigs	OH	85.12087164	1	5	177
Houston	MN	85.11091015	0	0	35
Madison	NE	85.0388344	0	0	131
Athens	OH	85.03269894	0	21	372
Livingston	NY	85.00115911	0	1	169
Warren	OH	84.86601664	0	46	797
Kossuth	IA	84.8508583	0	0	53
Allamakee	IA	84.69193309	0	1	25
Stark	IL	84.64533604	0	0	24
Ripley	IN	84.45054365	1	1	113
Loudoun	VA	84.36308729	3	52	350
Aroostook	ME	84.21954179	1	9	271
Charles City	VA	84.15147265	0	1	2
Bear Lake	ID	84.13259297	0	0	18
McLean	ND	84.06010297	0	1	37
Jones	GA	84.00714061	1	3	150
Dickenson	VA	83.94679065	1	0	23
Potter	SD	83.54218881	0	0	0
Crook	WY	83.51893096	0	0	20
Medina	OH	83.46911357	4	15	290
Union	GA	83.46471297	0	1	96
Crosby	TX	83.45852112	0	1	27
Madison	VA	83.33333333	1	1	17
Bristol	RI	83.29947176	0	11	146
Carson	TX	83.19467554	0	0	16
Madison	OH	83.18506366	1	10	266
Rankin	MS	83.12495316	3	14	538
Douglas	CO	83.0165739	1	15	539
Tompkins	NY	82.99796365	0	33	294
Portage	OH	82.99666793	0	48	872
Nance	NE	82.80430582	0	0	10
Ottawa	KS	82.75405495	0	1	22
Teton	MT	82.44023083	1	0	6
Rush	IN	82.33356857	0	2	125
Sterling	TX	82.03445447	0	0	1
Winona	MN	81.98001249	0	8	123
San Juan	WA	81.88976378	0	0	73
Fauquier	VA	81.83671344	2	8	117
Pepin	WI	81.52173913	0	0	28
Madison	NY	81.51197812	0	5	271
Cleveland	AR	81.46165484	0	1	70
Sanpete	UT	81.45341219	0	5	56
Becker	MN	81.24943577	0	1	49
Kimball	NE	81.03727715	0	0	1
Middlesex	CT	80.93644677	2	37	316
Harlan	KY	80.70458613	0	3	77
Curry	OR	80.57657012	0	3	104
Pike	AR	80.52250157	0	1	34
Pike	MO	80.34709947	0	0	77
Andrew	MO	80.25222127	1	0	43
Rappahannock	VA	80.23535705	0	0	2
Blackford	IN	80.12178511	0	3	66
Madison	ID	80.10680908	1	1	46
Warren	NJ	80.09014798	1	18	312
Fulton	OH	80.02259462	1	1	158
Chisago	MN	79.98363126	1	3	91
Glasscock	TX	79.93605116	0	0	3
Lamoille	VT	79.78617306	0	0	51
Fairfax	VA	79.75779097	16	353	1155
Price	WI	79.69859441	0	0	40
Yates	NY	79.50389569	0	0	111
Crawford	OH	79.42440665	0	7	350
Elk	PA	79.41802471	1	2	133
Harding	SD	79.23930269	0	0	0
Clearwater	MN	79.20343969	0	1	43
Gillespie	TX	78.8736838	0	4	60
Hancock	GA	78.83770695	0	2	42
Clayton	IA	78.77116975	0	0	18
Martin	IN	78.74015748	0	0	26
Lawrence	IL	78.51189757	1	0	33
Ralls	MO	78.49293564	0	0	47
Fayette	GA	78.43861025	3	21	286
Clermont	OH	78.41452816	2	32	1240
Bosque	TX	78.40940913	0	0	68
Polk	NC	78.38910391	0	1	100
San Miguel	CO	78.14535035	0	0	8
Newton	IN	78.08617875	0	0	74
Franklin	ID	77.79679477	0	0	23
Stone	MS	77.70870337	0	0	45
Greeley	KS	77.51937985	0	0	1
Cottonwood	MN	77.47933884	0	0	45
Roseau	MN	77.31958763	1	0	9
Van Wert	OH	77.304192	0	1	181
Meade	SD	77.20020587	0	0	36
Thayer	NE	77.08614377	0	0	27
Rooks	KS	77.07129094	1	0	10
Dodge	WI	76.97183736	1	6	248
Forest	WI	76.70392286	0	1	44
Hancock	ME	76.57945118	3	6	256
Hancock	WV	75.93014427	0	3	59
Rockingham	VA	75.89302942	0	4	204
Knox	ME	75.85335019	1	6	136
Winnebago	IA	75.80064431	0	1	13
Knox	KY	75.49543882	0	8	217
Cumberland	PA	75.45229922	0	69	614
Delaware	OH	75.14366496	2	59	797
Beaverhead	MT	74.93844342	0	1	12
Sutton	TX	74.8876685	0	1	4
Montmorency	MI	74.86631016	0	0	36
Guthrie	IA	74.85730327	0	0	17
Buena Vista city	VA	74.8502994	0	0	3
Monroe	MS	74.75910954	0	11	140
Clay	IN	74.61851285	0	1	45
Benzie	MI	74.59260959	1	0	40
Emery	UT	74.42552796	0	0	53
Bottineau	ND	74.2280285	2	0	18
Wahkiakum	WA	74.22068283	0	0	7
Custer	NE	74.12898443	0	0	19
Harrison	IN	74.04948548	0	5	108
Goochland	VA	73.98501803	2	0	50
Fulton	IN	73.35322021	0	3	41
Scotts Bluff	NE	73.27399045	0	3	137
Pope	MN	73.17965606	0	0	28
Morrison	MN	73.01046483	2	0	48
Tallahatchie	MS	72.93946025	0	10	27
Green	WI	72.79590186	0	1	100
Wayne	KY	72.54086469	1	5	83
Daviess	MO	72.34145165	0	0	39
McCreary	KY	72.26638501	0	7	65
Wayne	OH	72.12938099	2	18	550
Lancaster	VA	71.76175099	1	0	23
Door	WI	71.69486665	1	0	41
Green	KY	71.55635063	0	0	20
Utah	UT	71.39090871	6	67	1304
Morrow	OH	71.36128793	2	4	260
Union	PA	71.32190697	1	5	138
O'Brien	IA	71.20478496	0	0	55
Nicholas	KY	71.03281716	0	1	24
Platte	NE	70.75834487	0	2	87
Murray	MN	70.31524669	0	0	20
Morris	NJ	70.28476342	2	106	1144
Lewis	NY	69.98416148	0	2	124
Weston	WY	69.85191394	0	0	10
Clatsop	OR	69.80990227	0	11	150
Hocking	OH	69.77149834	3	6	205
Hitchcock	NE	69.63788301	0	0	18
Deuel	SD	69.44444444	2	0	15
Knox	OH	69.06758757	1	8	229
Yellow Medicine	MN	69.01311249	0	0	11
Iroquois	IL	69.00835001	1	1	100
Yuma	CO	68.95872328	2	0	7
Lee	KY	68.87052342	0	1	17
Schuyler	MO	68.83891693	0	0	6
St. Croix	WI	68.66053765	1	3	175
Juniata	PA	68.6369509	0	2	79
DeKalb	IN	68.54657622	1	3	97
Washington	OH	68.5043223	0	4	283
Perkins	NE	68.46970216	0	0	4
LaGrange	IN	68.42825561	1	6	78
Saratoga	NY	68.34476135	2	20	542
Davis	IA	68.25162098	0	0	8
Johnson	KY	68.23318692	2	4	77
Audubon	IA	68.10829218	0	0	7
Nuckolls	NE	67.98096533	0	0	6
Washington	MN	67.72018183	2	25	926
Trempealeau	WI	67.60868095	0	2	68
Adams	OH	67.60362925	0	3	234
Ascension Parish	LA	67.31181104	0	53	733
Moultrie	IL	67.22237161	0	0	32
Hamlin	SD	67.10283509	0	0	17
Pendleton	WV	66.92544505	0	0	36
Adair	IA	66.91648822	0	0	28
Jefferson	ID	66.87969087	0	0	33
Litchfield	CT	66.87209775	2	19	386
Somerset	NJ	66.85118805	2	111	1028
Tishomingo	MS	66.5676686	1	1	48
Woods	OK	66.36434023	0	0	20
Houghton	MI	66.25258799	0	1	76
Ashland	OH	65.9842015	0	4	316
Marquette	WI	65.89351608	0	1	54
Osage	MO	65.75102279	0	0	59
Grundy	IL	65.70040615	1	1	162
Clay	GA	65.68144499	0	0	2
Tioga	NY	65.68079135	0	7	148
Hot Spring	AR	65.67164179	0	4	39
Hancock	IN	65.66538596	1	16	190
Fluvanna	VA	65.44250683	0	0	57
Holmes	MS	65.11829824	1	0	15
Meade	KY	65.04621705	0	4	111
Middlesex	VA	65.04367218	0	0	19
Grundy	IA	64.96670456	0	0	13
Chickasaw	IA	64.92979466	1	0	28
Miami	OH	64.7724746	1	35	561
Carroll	IN	64.7216967	0	1	95
Matanuska-Susitna Borough	AK	64.08101521	0	8	77
Harrison	OH	64.01229036	0	1	61
Rowan	KY	63.75653504	0	4	66
Moore	TN	63.48198699	0	0	20
Pike	OH	63.45401347	3	5	88
Lee	MS	63.27630654	0	7	299
Hickman	KY	63.22444679	0	0	11
Wright	MN	63.04973924	0	8	233
Carver	MN	62.78646324	1	7	162
Tattnall	GA	62.68118781	0	2	129
Throckmorton	TX	62.5	0	0	1
Casey	KY	62.23937263	0	3	56
Windham	CT	62.07271862	0	21	194
Amite	MS	62.02031165	1	1	1
Newton	AR	62.00396825	0	0	12
Antelope	NE	61.95786865	2	0	4
Waukesha	WI	61.95362111	4	48	746
Pike	GA	61.81164307	0	2	44
Dubois	IN	61.37721017	0	0	42
Washington	RI	60.98575151	1	14	346
Scotland	MO	60.96321886	0	0	24
De Witt	IL	60.90133983	0	1	13
Burt	NE	60.84575601	0	0	11
McDuffie	GA	60.28286575	1	1	107
Hudspeth	TX	60.27727547	0	0	11
Webster	MS	60.07810153	0	1	13
Lincoln	WY	59.89980396	0	0	38
Breckinridge	KY	59.88023952	0	1	37
Addison	VT	59.79723302	0	2	183
Schoharie	NY	59.66587112	0	1	133
Treutlen	GA	59.59475566	0	0	26
Ringgold	IA	59.14826498	0	0	3
Garrard	KY	59.11912504	0	1	69
Lewis	MO	59.10165485	0	1	35
Washakie	WY	59.08070424	0	0	2
Custer	SD	59.04581956	0	0	8
Cumberland	KY	58.9188393	0	1	32
Brunswick	VA	58.91710364	0	2	56
Noble	IN	58.86062645	0	2	145
Orange	VT	58.79301401	1	1	192
Hanson	SD	58.73715125	0	0	1
Woodford	IL	58.56440812	0	1	66
McCone	MT	58.51375073	1	0	0
Jackson	MN	58.47953216	0	1	14
Teton	ID	58.39416058	0	0	26
Johnson	NE	58.32037325	0	0	1
Parke	IN	58.13277526	0	1	17
Green Lake	WI	58.01993776	0	1	50
Juab	UT	57.98221879	0	0	31
Floyd	VA	57.95981453	0	0	29
Somervell	TX	57.75005775	0	0	48
Sussex	NJ	57.53739931	5	22	416
Sagadahoc	ME	57.12164053	0	6	142
Hancock	MS	57.06008866	4	11	77
Hardin	OH	56.88821466	0	6	268
Columbia	GA	56.8618184	1	22	451
Lawrence	KY	56.76084763	0	0	56
Spencer	KY	56.69898509	0	2	53
Russell	KY	56.33168094	0	3	49
Powell	KY	56.02689291	0	1	85
Harney	OR	55.97537084	1	0	48
Bedford	VA	55.85392052	1	2	231
Sarpy	NE	55.51257596	1	22	331
Harrison	IA	55.43621371	0	0	33
Copiah	MS	55.32312161	1	1	50
Tillamook	OR	55.29881108	0	2	137
Lafayette	AR	55.15719801	0	0	30
Anderson	KY	55.01811013	0	3	57
Jackson	WV	54.83583522	0	2	49
DeKalb	MO	54.51713396	0	0	25
Grant Parish	LA	54.47117567	0	0	77
Coshocton	OH	54.40696409	0	5	301
Ransom	ND	54.38723713	1	0	21
Tippah	MS	54.33798225	0	1	53
Dearborn	IN	54.10387945	2	6	64
Hancock	IA	54.08328826	0	0	17
Chaffee	CO	54.02485143	0	0	48
Crittenden	KY	54.02485143	0	1	27
Ozaukee	WI	53.9894778	0	6	165
Waldo	ME	53.92912173	1	2	231
Oliver	ND	53.36179296	0	0	0
Powhatan	VA	53.08043455	0	2	67
Edwards	TX	53.07855626	0	0	6
McCook	SD	53.05978069	0	0	11
Taylor	WV	53.02539327	0	2	14
Marinette	WI	52.87190579	1	10	462
Fillmore	MN	52.79577634	0	1	42
Lamar	MS	52.72019183	1	11	461
Knox	IN	52.69536808	0	7	217
Pearl River	MS	52.65833818	0	9	141
Grant	KY	52.5188866	0	4	95
Clinton	OH	52.44963643	0	4	133
Cache	UT	52.17733451	0	4	374
Plymouth	IA	52.0895941	2	0	52
Cass	IN	51.99802408	0	5	224
Paulding	OH	51.93725979	0	1	63
Greene	IN	51.85930875	2	0	45
Sullivan	IN	51.83056118	3	0	64
George	MS	51.8157088	2	1	41
Deuel	NE	51.62622612	0	0	5
Mercer	OH	51.4907807	1	1	133
Gilliam	OR	51.36106831	0	0	5
Armstrong	TX	51.30836326	0	0	14
Leake	MS	51.30616957	0	3	17
Lewis	ID	51.25576627	0	0	11
Stewart	GA	51.12474438	0	1	16
Steele	ND	51.02040816	0	0	5
Lake of the Woods	MN	50.9035378	0	0	7
Gosper	NE	50.70993915	0	0	5
Benton	IA	50.5856259	0	0	156
Washington	KY	50.52631579	0	1	39
Broomfield	CO	50.44475459	1	6	90
York	NE	50.42137866	0	4	47
Larue	KY	49.77246871	0	1	37
Isanti	MN	49.73301225	0	0	90
Pittsylvania	VA	49.65879601	2	8	209
Vernon	WI	49.45761482	0	0	59
Dolores	CO	49.28536225	0	0	15
Lincoln	KY	49.24086992	1	4	55
Richardson	NE	49.23076923	0	0	9
Knox	MO	49.17629702	0	0	15
Tuscarawas	OH	48.55835635	1	10	275
Dawson	GA	48.48805431	0	2	69
Keokuk	IA	48.40739665	0	0	7
Muhlenberg	KY	48.10930434	0	1	53
Oldham	KY	48.10467577	1	6	235
LaMoure	ND	48.00768123	0	1	2
Williams	OH	48.0	0	1	139
Carter	KY	47.79060363	0	3	78
Warren	IN	47.53416518	0	0	0
Bracken	KY	47.52851711	0	0	59
Belmont	OH	47.43355709	0	3	248
Crawford	IN	47.07654646	0	0	107
Carroll	IL	46.94835681	0	0	45
Seward	NE	46.81373983	0	0	25
Jefferson	OK	46.64179104	0	0	17
Amherst	VA	46.61570017	0	1	131
Greenup	KY	46.55111038	0	4	104
Lake	MN	46.39510068	0	0	20
Elbert	CO	46.34896558	0	1	39
Magoffin	KY	46.33204633	1	0	20
Menominee	WI	46.32846884	0	0	31
Marion	GA	46.2962963	0	0	18
Llano	TX	46.28677227	0	0	134
Perry	IN	46.01697515	2	0	35
Cedar	NE	45.91895305	0	0	1
Morgan	IN	45.85709782	1	4	175
Kingfisher	OK	45.82351401	0	0	33
Platte	WY	45.63605248	0	0	23
Jefferson	OH	45.61238303	0	5	91
Stanton	KS	45.57885141	0	0	1
Trimble	KY	45.37205082	0	0	6
Putnam	IN	45.32728969	2	0	98
Shelby	IL	45.21000045	0	0	46
Highland	VA	45.14672686	0	0	3
Pierce	ND	44.93372276	0	0	15
Jasper	IN	44.92497529	1	0	47
Monroe	IL	44.78547756	0	0	48
Shelby	IN	44.71372041	0	2	138
Kittson	MN	44.41483455	0	0	6
Grant	OK	44.16961131	0	0	22
Putnam	OH	44.00375499	1	2	41
Culberson	TX	43.91743522	0	1	4
Ogle	IL	43.9056982	1	1	106
Kewaunee	WI	43.89173372	1	0	30
Steuben	IN	43.65795448	2	6	174
Benson	ND	43.62367311	0	0	5
Lewis	KY	43.45936549	0	0	43
Burke	ND	43.36513443	0	0	6
Bath	VA	43.32755633	1	1	7
Le Sueur	MN	43.14994606	0	2	57
Hart	KY	43.07327841	0	0	28
Spencer	IN	42.97173415	5	0	2
Grand Isle	VT	42.93688278	0	0	32
Miner	SD	42.86326618	0	1	6
Henry	IN	42.81869342	2	7	469
Woodruff	AR	42.42081448	0	1	8
McLean	KY	42.12299916	0	0	21
Whitley	IN	42.04961855	0	1	27
Hutchinson	SD	41.98740378	0	0	8
Wabasha	MN	41.97173903	0	1	39
Faulk	SD	41.91114837	0	0	0
Evangeline Parish	LA	41.69396629	0	5	96
Wasatch	UT	41.60835193	0	0	36
Eddy	ND	41.59733777	0	0	3
Lake	SD	41.47656574	1	0	15
Floyd	KY	41.31377815	1	4	61
Dickinson	IA	41.28575641	0	0	29
Putnam	NY	41.14606854	0	8	187
Marion	KS	40.91987888	0	0	35
Morrill	NE	40.74979625	0	0	6
Tensas Parish	LA	40.74979625	0	0	7
Wood	WI	40.56301464	1	10	269
Union	SD	40.46125835	0	0	18
Washington	ID	40.22526146	0	0	19
Crawford	IA	40.15142824	0	0	10
Wyandot	OH	40.09444469	0	1	29
Carlisle	KY	39.9920016	0	0	20
Kiowa	KS	39.63535474	0	0	15
Pleasants	WV	39.59350666	0	0	386
Renville	MN	39.56217856	0	0	31
Allen	KY	39.387524	0	3	75
Seneca	OH	39.34613871	0	6	207
Elliott	KY	39.28244075	0	0	8
Posey	IN	39.23722828	0	3	107
Auglaize	OH	39.19860627	0	3	90
Kemper	MS	38.85758694	0	0	28
Madison	IA	38.83997929	0	0	45
Carroll	IA	38.83872221	0	1	24
Cook	MN	38.46153846	0	0	17
Renville	ND	38.34355828	0	0	2
Dickinson	MI	38.31711242	0	0	12
Clay	TX	38.19344982	1	2	61
Buchanan	IA	38.13882532	0	1	17
Jim Hogg	TX	38.13155386	1	0	2
Lincoln	NV	38.13155386	0	0	17
Letcher	KY	38.10491553	1	1	62
Otoe	NE	38.09040122	0	1	42
Pike	KY	37.86683496	2	5	101
Monroe	KY	37.449677	0	0	8
Mitchell	IA	37.3517602	0	0	27
Clay	IL	36.856848	0	0	38
Columbiana	OH	36.82962991	2	7	296
Webster	GA	36.77822729	0	0	23
Hunterdon	NJ	36.43564356	3	5	265
Wayne	UT	36.40334911	0	0	3
Clay	IA	36.3834819	1	0	106
Conejos	CO	36.24501631	0	0	23
Geauga	OH	36.18099008	3	5	117
Butler	NE	36.09239654	0	1	4
Rockcastle	KY	35.94320973	0	2	93
Dewey	SD	35.8037952	0	0	4
Lafayette	WI	35.7867112	0	2	33
Tolland	CT	35.67252621	0	8	164
Washington	KS	35.53028957	0	0	3
Lyon	KY	35.49875754	0	0	18
Ziebach	SD	35.2858151	0	0	3
Grand	CO	34.99195185	0	1	6
Franklin	IN	34.85686898	0	1	100
Boone	IN	34.72394464	0	5	131
Washington	NE	34.61405331	0	2	20
Hancock	KY	34.53436169	0	0	11
Putnam	IL	34.47681434	0	0	11
Fleming	KY	34.46374414	0	0	31
Stevens	KS	34.38789546	0	0	1
Taylor	WI	33.9640951	0	0	55
Jones	IA	33.96244724	0	0	39
Edwards	KS	33.95585739	0	0	12
McHenry	ND	33.7723742	0	0	11
Hamilton	IN	33.70487339	0	31	422
Humphreys	MS	33.62474781	0	0	0
Saunders	NE	33.44641407	0	1	36
Montgomery	GA	33.25573661	0	0	4
Uinta	WY	33.22889965	0	0	37
Appomattox	VA	32.77613897	0	1	34
Vilas	WI	32.75926619	0	1	62
Upshur	WV	32.43462396	1	1	87
Franklin	NE	32.41491086	1	0	6
Wayne	NE	31.87759005	0	0	5
Marshall	MN	31.83023873	0	0	3
Salem city	VA	31.62180323	0	5	75
Ottawa	OH	31.58943455	0	5	152
Howard	IA	31.49275667	0	0	38
Schleicher	TX	31.19151591	0	0	9
Humboldt	IA	30.96614368	0	1	25
Huron	OH	30.56598006	0	6	190
Perry	OH	30.55810206	0	2	48
Brookings	SD	30.33244358	0	0	11
Calhoun	IA	30.22365505	0	0	6
Webster	KY	29.73535534	0	0	23
Upton	TX	29.65599051	0	0	6
Cameron Parish	LA	29.65599051	0	0	26
Shackelford	TX	29.62962963	1	0	8
Jones	NC	29.36857562	0	1	4
Wallowa	OR	29.35133549	2	0	14
Holt	NE	28.71088142	0	0	10
Bond	IL	28.62049227	0	2	59
Winneshiek	IA	28.57959417	0	0	9
Switzerland	IN	28.50085503	0	0	2
Lac qui Parle	MN	28.46164793	0	0	13
Randolph	AR	28.26136107	0	0	40
Richland	WI	28.22148219	0	0	12
Pierce	NE	27.97202797	0	0	6
Reagan	TX	27.77006387	0	0	9
Estill	KY	27.60905577	0	1	42
Wolfe	KY	27.59381898	0	0	20
Monroe	OH	27.42543709	0	0	42
Webster	NE	27.11496746	0	0	9
Mercer	MO	27.06359946	0	0	7
Smith	KS	26.98327037	0	1	2
Adams	ID	26.12330199	0	0	3
Henry	KY	25.89834898	0	0	24
Lafayette	MS	25.3322421	0	5	81
Wells	IN	25.16718199	0	0	118
Pike	IL	24.76780186	0	1	15
Union	OH	24.38749859	0	1	65
Traill	ND	24.25712553	0	0	16
Mason	TX	24.2248062	0	0	7
Corson	SD	23.72479241	0	0	14
Fountain	IN	23.69668246	1	0	12
Brown	MN	23.68545713	0	0	68
Custer	ID	23.5349494	0	0	9
Randolph	IN	23.41280681	0	0	134
Mineral	MT	23.39181287	0	0	1
Oneida	ID	23.39181287	0	0	6
Adams	IN	23.11203559	0	2	28
Leelanau	MI	22.99167701	0	0	22
Phillips	CO	22.95684114	0	0	5
Morgan	KY	22.42152466	0	0	8
Jackson	KY	22.34304014	0	0	29
Cuming	NE	22.23210316	0	0	9
Ouray	CO	21.94426158	0	0	4
Greene	IA	21.88423241	0	0	4
Union	MS	21.61850544	0	2	90
Pipestone	MN	21.57497303	0	0	17
Owsley	KY	21.486893	0	0	8
Oconto	WI	21.43737607	0	3	249
Greene	MS	21.06149958	0	0	10
Hamilton	NY	20.95118374	0	0	31
Mills	TX	20.37905034	0	0	14
East Feliciana Parish	LA	20.2757502	1	0	13
Metcalfe	KY	20.0340579	0	0	32
Clinton	KY	19.71220185	0	0	8
Morgan	UT	19.65988401	0	0	7
Dickey	ND	19.05487805	0	0	4
Owen	IN	18.86703457	0	0	2
Knott	KY	18.77816725	0	0	19
Owen	KY	18.75820672	0	0	57
Holmes	OH	18.35157021	0	2	71
Alleghany	NC	18.28320687	0	0	5
Leslie	KY	18.15046737	0	0	6
Brown	OH	18.07337791	0	2	127
Perry	MS	16.486687	0	1	7
Stanton	NE	16.30523398	0	0	7
Cotton	OK	16.25487646	0	0	8
Taylor	IA	16.23113131	0	0	4
Menifee	KY	15.90330789	0	0	11
Menard	IL	15.86420243	0	0	25
Wayne	IA	15.62011871	0	0	6
Buffalo	WI	14.97342218	0	0	11
Bland	VA	14.84780995	0	1	17
Breathitt	KY	14.76559616	0	1	22
Lexington city	VA	13.94700139	0	0	37
Presidio	TX	13.88696014	0	0	5
Grant	OR	13.73060552	0	0	10
Rolette	ND	13.71553971	0	0	15
Brown	IN	13.31292019	1	0	38
Mitchell	NC	13.0480167	0	2	8
Wabash	IN	12.36170344	0	0	16
Decatur	IA	12.29105211	0	0	0
Crawford	WI	12.19735317	0	0	19
Knox	NE	11.67542323	0	0	6
Richmond	VA	11.16944041	0	0	9
Hickory	MO	10.74691026	0	0	55
Hancock	IL	10.74229241	0	0	57
Jefferson	IN	9.242713661	0	0	1
Shelby	IA	8.360504975	0	0	1
Bath	KY	8.360504975	0	0	5
Boone	IL	7.413310599	0	0	12
Newton	TX	7.072135785	0	0	23
Baker	OR	6.242976651	0	1	20
Jasper	MS	6.071645416	0	0	3
Fayette	IN	4.190939189	0	0	1
Haakon	SD	0.0	0	0	0
Day	SD	0.0	0	0	0
Yukon-Koyukuk Census Area	AK	0.0	0	0	0
Bowman	ND	0.0	0	0	0
Grant	NE	0.0	0	0	0
Sibley	MN	0.0	0	0	0
Boyd	NE	0.0	0	0	0
Graham	NC	0.0	0	0	0
Sioux	ND	0.0	0	0	0
Robertson	KY	0.0	0	0	0
Liberty	MT	0.0	0	0	0
Quitman	MS	0.0	0	0	0
Wade Hampton Census Area	AK	0.0	0	0	0
Hyde	NC	0.0	0	0	0
Douglas	SD	0.0	0	0	0
Thomas	NE	0.0	0	0	0
Valley	NE	0.0	0	0	0
Petroleum	MT	0.0	0	0	0
Kingsbury	SD	0.0	0	0	0
Hyde	SD	0.0	0	0	0
Perry	AL	0.0	0	0	0
Shannon	SD	0.0	0	0	0
Jones	SD	0.0	0	0	0
Grant	SD	0.0	0	0	0
Yakutat City and Borough	AK	0.0	0	0	0
Lyman	SD	0.0	0	0	0
Sioux	NE	0.0	0	0	0
Smith	MS	0.0	0	0	0
Collingsworth	TX	0.0	0	0	0
Aleutians East Borough	AK	0.0	0	0	0
Lake and Peninsula Borough	AK	0.0	0	0	0
Gregory	SD	0.0	0	0	0
Clarke	MS	0.0	0	0	0
Norman	MN	0.0	0	0	0
Noble	OH	0.0	0	0	0
Buffalo	SD	0.0	0	0	0
Calhoun	MS	0.0	0	0	0
Harlan	NE	0.0	0	0	0
Greeley	NE	0.0	0	0	0
Benton	MS	0.0	0	0	0
Treasure	MT	0.0	0	0	0
Gates	NC	0.0	0	0	0
Garfield	NE	0.0	0	0	0
Mora	NM	0.0	0	0	0
Loup	NE	0.0	0	0	0
Kalawao	HI	0.0	0	0	0
Garfield	UT	0.0	0	0	0
Fremont	IA	0.0	0	0	0
Jackson Parish	LA	0.0	0	0	0
Alcorn	MS	0.0	0	0	0
Harding	NM	0.0	0	0	0
Frontier	NE	0.0	0	0	0
Dundy	NE	0.0	0	0	0
Arthur	NE	0.0	0	0	0
Blaine	NE	0.0	0	0	0
Colfax	NE	0.0	0	0	0
Jewell	KS	0.0	0	0	0
Carroll	MS	0.0	0	0	0
Hayes	NE	0.0	0	0	0
Keya Paha	NE	0.0	0	0	0
Boone	NE	0.0	0	0	0
Gallatin	IL	0.0	0	0	0
Powder River	MT	0.0	0	0	0
King	TX	0.0	0	0	0
Wayne	MS	0.0	0	0	0
Sharkey	MS	0.0	0	0	0
Wilkinson	MS	0.0	0	0	0
Glascock	GA	0.0	0	0	0
Logan	NE	0.0	0	0	0
Clay	NE	0.0	0	0	0
Issaquena	MS	0.0	0	0	0
Howard	NE	0.0	0	0	0
Yalobusha	MS	0.0	0	0	0
Hooker	NE	0.0	0	0	0
Jenkins	GA	0.0	0	0	0
McPherson	NE	0.0	0	0	0
Calhoun	IL	0.0	0	0	0
Pope	IL	0.0	0	0	0
Southeast Fairbanks Census Area	AK	0.0	0	0	0
Lincoln	KS	0.0	0	0	12
Sanborn	SD	0.0	0	0	0
Montgomery	AR	0.0	0	0	7
Emmons	ND	0.0	0	0	10
Harper	OK	0.0	0	0	16
Cavalier	ND	0.0	0	0	7
Daggett	UT	0.0	0	0	11
Motley	TX	0.0	0	0	10
Piute	UT	0.0	0	0	4
Fallon	MT	0.0	0	0	3
Sherman	NE	0.0	0	0	6
Pawnee	NE	0.0	0	0	3
Chattahoochee	GA	0.0	0	0	19
Coke	TX	0.0	0	0	7
Kidder	ND	0.0	0	0	7
Logan	ND	0.0	0	0	2
Sargent	ND	0.0	0	0	8
Billings	ND	0.0	0	0	6
Aurora	SD	0.0	0	0	6
Divide	ND	0.0	0	0	5
Scott	IL	0.0	0	0	9
Elk	KS	0.0	0	0	5
Putnam	MO	0.0	0	0	8
Granite	MT	0.0	0	0	3
Hardeman	TX	0.0	0	0	48
Toole	MT	0.0	0	0	14
Noxubee	MS	0.0	0	0	6
Merrick	NE	0.0	0	0	5
Prentiss	MS	0.0	0	0	3
Garza	TX	0.0	0	0	19
Big Stone	MN	0.0	0	0	13
Covington	MS	0.0	0	0	33
Sheridan	ND	0.0	0	0	6
Jefferson	NE	0.0	0	0	15
Essex	VT	0.0	0	0	19
Echols	GA	0.0	0	0	20
Gentry	MO	0.0	0	0	17
Hamilton	IL	0.0	0	0	28
Polk	NE	0.0	0	0	11
Brown	NE	0.0	0	0	11
Butler	IA	0.0	0	0	9
Clark	SD	0.0	0	0	3
Crockett	TX	0.0	0	0	0
Lipscomb	TX	0.0	0	0	3
McPherson	SD	0.0	0	0	0
Red Lake	MN	0.0	0	0	0
Wheeler	NE	0.0	0	0	0
Slope	ND	0.0	0	0	1
Bon Homme	SD	0.0	0	0	1
Loving	TX	0.0	0	0	0
Carter	MT	0.0	0	0	1
Banner	NE	0.0	0	0	0
Fillmore	NE	0.0	0	0	0
Garfield	MT	0.0	0	0	1
Sully	SD	0.0	0	0	0
Mineral	CO	0.0	0	0	0
Edmunds	SD	0.0	0	0	0
Garden	NE	0.0	0	0	0
Thurston	NE	0.0	0	0	0
Union	IN	0.0	0	0	0
Todd	SD	0.0	0	0	0
Kinney	TX	0.0	0	0	2
Furnas	NE	0.0	0	0	1
Wibaux	MT	0.0	0	0	2
McIntosh	ND	0.0	0	0	5
Adams	ND	0.0	0	0	7
Osceola	IA	0.0	0	0	3
Sherman	TX	0.0	0	0	4
Perkins	SD	0.0	0	0	2
Hinsdale	CO	0.0	0	0	5
Campbell	SD	0.0	0	0	2
Golden Valley	ND	0.0	0	0	3
Clark	ID	0.0	0	0	3
Briscoe	TX	0.0	0	0	0
Foster	ND	0.0	0	0	0
Box Butte	NE	0.0	0	0	0
Cottle	TX	0.0	0	0	3
Ohio	IN	0.0	0	0	2
Newton	MS	0.0	0	0	4
Jerauld	SD	0.0	0	0	1
Cimarron	OK	0.0	0	0	1
Lawrence	MS	0.0	0	0	0
